Workbook

Sheet TRABALHO DE LINHA DE BASE
B2: Nível da estrutura de tópicos | C2: Status | D2: Crítica | E2: Nome da Tarefa | F2: % LB Prevista | G2: % Real | H2: Duração real | I2: Duração restante | J2: Início LB | K2: Início Real | L2: Previsão de Início | M2: Término LB | N2: Término Real | O2: Previsão de Término | P2: Custo | Q2: 46160 | R2: =Q2+7 -> 46167 | S2: =R2+7 -> 46174 | T2: =S2+7 -> 46181 | U2: =T2+7 -> 46188 | V2: =U2+7 -> 46195 | W2: =V2+7 -> 46202 | X2: =W2+7 -> 46209 | Y2: =X2+7 -> 46216 | ... GD2: =GC2+7 -> 47343
B3: 0 | C3: No Prazo | D3: Sim | E3: UNIPAR_PROJETO_SPCI+PLATAFORMA | F3: 0.3414 | G3: 0.0824 | H3: 58,91 dias | I3: 59,09 dias | J3: Qua 20/05/26 09:00 | K3: Qua 20/05/26 09:00 | L3: Qua 20/05/26 09:00 | M3: Qua 21/10/26 16:00 | N3: ND | O3: Qui 05/11/26 16:00 | P3: 10028.87 | T3: 181.5 | U3: 201.8 | V3: 222.1 | W3: 242.4 | X3: 302.7 | Y3: 338.7 | Z3: 656.21 | AA3: 2150.74 | AB3: 3424.09 | AC3: 4529.92 | AD3: 5324.73 | AE3: 5806.22 | AF3: 6569.31 | AG3: 6970.3 | AH3: 7695.58 | AI3: 8116.14 | AJ3: 8616.87 | AK3: 9223.37 | AL3: 9793.87 | AM3: 10028.87 | AN3: 10028.87 | AO3: 10028.87
B4: 1 | C4: Atrasada | D4: Não | E4: MARCOS CONTRATUAIS | F4: 0 | G4: 0 | H4: 0 dias | I4: 103,14 dias | J4: Qua 20/05/26 09:00 | K4: Qua 20/05/26 09:00 | L4: Qua 20/05/26 09:00 | M4: Qua 30/09/26 09:52 | N4: ND | O4: Qui 15/10/26 09:52 | P4: 0 | Q4: 0 | AJ4: 0 | AK4: 0 | AL4: 0 | AM4: 0 | AN4: 0 | AO4: 0
B5: 2 | C5: Atrasada | D5: Não | E5: MARCOS CONTRATUAIS | F5: 0 | G5: 0 | H5: 0 dias | I5: 103,14 dias | J5: ND | K5: Qua 20/05/26 09:00 | L5: Qua 20/05/26 09:00 | M5: ND | N5: ND | O5: Qui 15/10/26 09:52 | P5: 0
B6: 3 | C6: Atrasada | D6: Não | E6: MARCOS CONTRATUAIS | F6: 0 | G6: 0 | H6: 0 dias | I6: 103,14 dias | J6: ND | K6: Qua 20/05/26 09:00 | L6: Qua 20/05/26 09:00 | M6: ND | N6: ND | O6: Qui 15/10/26 09:52 | P6: 0
B7: 4 | C7: Atrasada | D7: Não | E7: MARCOS CONTRATUAIS | F7: 0 | G7: 0 | H7: 0 dias | I7: 103,14 dias | J7: ND | K7: Qua 20/05/26 09:00 | L7: Qua 20/05/26 09:00 | M7: ND | N7: ND | O7: Qui 15/10/26 09:52 | P7: 0
B8: 1 | C8: No Prazo | D8: Não | E8: EXECUÇÃO - SPCI | F8: 0.4879 | G8: 0.1618 | H8: 54,51 dias | I8: 36,63 dias | J8: Seg 08/06/26 09:00 | K8: Seg 08/06/26 09:00 | L8: Seg 08/06/26 09:00 | M8: Qua 30/09/26 09:52 | N8: ND | O8: Qui 15/10/26 09:52 | P8: 5107.87 | T8: 181.5 | U8: 201.8 | V8: 222.1 | W8: 242.4 | X8: 302.7 | Y8: 338.7 | Z8: 656.21 | AA8: 1662.74 | AB8: 2492.09 | AC8: 3282.92 | AD8: 3824.73 | AE8: 4188.72 | AF8: 4467.81 | AG8: 4632.3 | AH8: 4965.58 | AI8: 5082.14 | AJ8: 5107.87 | AK8: 5107.87 | AL8: 5107.87 | AM8: 5107.87 | AN8: 5107.87 | AO8: 5107.87
B9: 2 | C9: No Prazo | D9: Não | E9: CWA (ÁREA 2 - SETOR X) | F9: 0.7234 | G9: 0.2216 | H9: 58,48 dias | I9: 22,82 dias | J9: Seg 08/06/26 09:00 | K9: Seg 08/06/26 09:00 | L9: Seg 08/06/26 09:00 | M9: Qua 16/09/26 10:46 | N9: ND | O9: Qua 30/09/26 10:46 | P9: 2695.9 | T9: 181.5 | U9: 183.9 | V9: 186.3 | W9: 188.7 | X9: 231.1 | Y9: 231.1 | Z9: 540.21 | AA9: 1350.9 | AB9: 1950.17 | AC9: 2319.25 | AD9: 2521.15 | AE9: 2557.04 | AF9: 2615.9 | AG9: 2657.06 | AH9: 2695.9 | AI9: 2695.9 | AJ9: 2695.9 | AK9: 2695.9 | AL9: 2695.9 | AM9: 2695.9 | AN9: 2695.9 | AO9: 2695.9
B10: 3 | C10: No Prazo | D10: Não | E10: CWP (ANDAIME) | F10: 0 | G10: 0 | H10: 0 dias | I10: 0 dias | J10: Sáb 25/07/26 16:00 | K10: ND | L10: Sex 07/08/26 16:00 | M10: Sáb 25/07/26 16:00 | N10: ND | O10: Sex 07/08/26 16:00 | P10: 0 | Z10: 0 | AA10: 0 | AB10: 0 | AC10: 0 | AD10: 0 | AE10: 0 | AF10: 0 | AG10: 0 | AH10: 0 | AI10: 0 | AJ10: 0 | AK10: 0 | AL10: 0 | AM10: 0 | AN10: 0 | AO10: 0
B11: 4 | C11: No Prazo | D11: Não | E11: IWP (MONTAGEM) | F11: 0 | G11: 0 | H11: 0 dias | I11: 0 dias | J11: Sáb 25/07/26 16:00 | K11: ND | L11: Sex 07/08/26 16:00 | M11: Sáb 25/07/26 16:00 | N11: ND | O11: Sex 07/08/26 16:00 | P11: 0 | Z11: 0 | AA11: 0 | AB11: 0 | AC11: 0 | AD11: 0 | AE11: 0 | AF11: 0 | AG11: 0 | AH11: 0 | AI11: 0 | AJ11: 0 | AK11: 0 | AL11: 0 | AM11: 0 | AN11: 0 | AO11: 0
B12: 3 | C12: No Prazo | D12: Não | E12: CWP (TUBULAÇÃO) | F12: 0.7153 | G12: 0.2556 | H12: 61,53 dias | I12: 18,1 dias | J12: Seg 08/06/26 09:00 | K12: Seg 08/06/26 09:00 | L12: Seg 08/06/26 09:00 | M12: Seg 14/09/26 13:46 | N12: ND | O12: Seg 28/09/26 13:46 | P12: 2337.3 | T12: 181.5 | U12: 183.9 | V12: 186.3 | W12: 188.7 | X12: 231.1 | Y12: 231.1 | Z12: 540.21 | AA12: 1211.9 | AB12: 1671.97 | AC12: 1980.65 | AD12: 2182.55 | AE12: 2218.43 | AF12: 2277.3 | AG12: 2318.46 | AH12: 2337.3 | AI12: 2337.3 | AJ12: 2337.3 | AK12: 2337.3 | AL12: 2337.3 | AM12: 2337.3 | AN12: 2337.3 | AO12: 2337.3
B13: 4 | C13: Concluída | D13: Não | E13: IWP (FABRICAÇÃO) | F13: 1 | G13: 1 | H13: 35 dias | I13: 0 dias | J13: Seg 08/06/26 09:00 | K13: Seg 08/06/26 09:00 | L13: Seg 08/06/26 09:00 | M13: Qua 29/07/26 11:00 | N13: Sáb 25/07/26 15:36 | O13: Sáb 25/07/26 15:36 | P13: 391.2 | T13: 181.5 | U13: 183.9 | V13: 186.3 | W13: 188.7 | X13: 191.1 | Y13: 191.1 | Z13: 334.1 | AA13: 391.2 | AB13: 391.2 | AC13: 391.2 | AD13: 391.2 | AE13: 391.2 | AF13: 391.2 | AG13: 391.2 | AH13: 391.2 | AI13: 391.2 | AJ13: 391.2 | AK13: 391.2 | AL13: 391.2 | AM13: 391.2 | AN13: 391.2 | AO13: 391.2
B14: 4 | C14: Concluída | D14: Não | E14: IWP (SUPORTE - FABRICAÇÃO) | F14: 1 | G14: 1 | H14: 10 dias | I14: 0 dias | J14: Seg 29/06/26 09:00 | K14: Seg 29/06/26 09:00 | L14: Seg 29/06/26 09:00 | M14: Sex 10/07/26 16:00 | N14: Sex 10/07/26 16:00 | O14: Sex 10/07/26 16:00 | P14: 40 | W14: 0 | X14: 40 | Y14: 40 | Z14: 40 | AA14: 40 | AB14: 40 | AC14: 40 | AD14: 40 | AE14: 40 | AF14: 40 | AG14: 40 | AH14: 40 | AI14: 40 | AJ14: 40 | AK14: 40 | AL14: 40 | AM14: 40 | AN14: 40 | AO14: 40
B15: 4 | C15: Tarefa futura | D15: Não | E15: IWP (SUPORTE - MONTAGEM) | F15: 1 | G15: 0 | H15: 0 dias | I15: 7,92 dias | J15: Seg 27/07/26 09:00 | K15: ND | L15: Seg 10/08/26 09:00 | M15: Qua 05/08/26 15:30 | N15: ND | O15: Qua 19/08/26 15:30 | P15: 95 | AA15: 60 | AB15: 95 | AC15: 95 | AD15: 95 | AE15: 95 | AF15: 95 | AG15: 95 | AH15: 95 | AI15: 95 | AJ15: 95 | AK15: 95 | AL15: 95 | AM15: 95 | AN15: 95 | AO15: 95
B16: 4 | C16: No Prazo | D16: Não | E16: IWP (MONTAGEM) | F16: 0.6525 | G16: 0.0954 | H16: 4,5 dias | I16: 38,77 dias | J16: Seg 20/07/26 09:00 | K16: Seg 20/07/26 09:00 | L16: Seg 20/07/26 09:00 | M16: Qui 03/09/26 10:37 | N16: ND | O16: Sex 18/09/26 10:37 | P16: 1742.1 | Z16: 166.11 | AA16: 720.7 | AB16: 1136.77 | AC16: 1445.45 | AD16: 1647.35 | AE16: 1683.24 | AF16: 1742.1 | AG16: 1742.1 | AH16: 1742.1 | AI16: 1742.1 | AJ16: 1742.1 | AK16: 1742.1 | AL16: 1742.1 | AM16: 1742.1 | AN16: 1742.1 | AO16: 1742.1
B17: 4 | C17: Tarefa futura | D17: Não | E17: IWP (CIVIL) | F17: 1 | G17: 0 | H17: 0 dias | I17: 1,5 dias | J17: Seg 03/08/26 15:00 | K17: ND | L17: Seg 10/08/26 09:00 | M17: Qua 05/08/26 11:00 | N17: ND | O17: Ter 11/08/26 12:00 | P17: 9 | AB17: 9 | AC17: 9 | AD17: 9 | AE17: 9 | AF17: 9 | AG17: 9 | AH17: 9 | AI17: 9 | AJ17: 9 | AK17: 9 | AL17: 9 | AM17: 9 | AN17: 9 | AO17: 9
B18: 4 | C18: Tarefa futura | D18: Não | E18: IWP (TIE-IN) | F18: 0 | G18: 0 | H18: 0 dias | I18: 1,67 dias | J18: Qui 10/09/26 15:46 | K18: ND | L18: Qui 24/09/26 15:46 | M18: Seg 14/09/26 13:46 | N18: ND | O18: Seg 28/09/26 13:46 | P18: 60 | AG18: 41.16 | AH18: 60 | AI18: 60 | AJ18: 60 | AK18: 60 | AL18: 60 | AM18: 60 | AN18: 60 | AO18: 60
B19: 3 | C19: Tarefa futura | D19: Não | E19: CWP (ELÉTRICA) | F19: 0.8216 | G19: 0 | H19: 0 dias | I19: 12,62 dias | J19: Seg 27/07/26 09:00 | K19: ND | L19: Seg 10/08/26 09:00 | M19: Qua 12/08/26 13:42 | N19: ND | O19: Qua 26/08/26 13:42 | P19: 338.6 | AA19: 139 | AB19: 278.2 | AC19: 338.6 | AD19: 338.6 | AE19: 338.6 | AF19: 338.6 | AG19: 338.6 | AH19: 338.6 | AI19: 338.6 | AJ19: 338.6 | AK19: 338.6 | AL19: 338.6 | AM19: 338.6 | AN19: 338.6 | AO19: 338.6
B20: 4 | C20: Tarefa futura | D20: Não | E20: IWP (INFRAESTRUTURA) FABRICAR DE SUPORTE | F20: 1 | G20: 0 | H20: 0 dias | I20: 1,67 dias | J20: Seg 27/07/26 09:00 | K20: ND | L20: Seg 10/08/26 09:00 | M20: Ter 28/07/26 14:00 | N20: ND | O20: Ter 11/08/26 14:00 | P20: 20 | AA20: 20 | AB20: 20 | AC20: 20 | AD20: 20 | AE20: 20 | AF20: 20 | AG20: 20 | AH20: 20 | AI20: 20 | AJ20: 20 | AK20: 20 | AL20: 20 | AM20: 20 | AN20: 20 | AO20: 20
B21: 4 | C21: Tarefa futura | D21: Não | E21: IWP (INFRAESTRUTURA) MONTAGEM DE SUPORTE | F21: 1 | G21: 0 | H21: 0 dias | I21: 1,67 dias | J21: Ter 28/07/26 14:00 | K21: ND | L21: Ter 11/08/26 14:00 | M21: Qui 30/07/26 11:00 | N21: ND | O21: Qui 13/08/26 11:00 | P21: 20 | AA21: 20 | AB21: 20 | AC21: 20 | AD21: 20 | AE21: 20 | AF21: 20 | AG21: 20 | AH21: 20 | AI21: 20 | AJ21: 20 | AK21: 20 | AL21: 20 | AM21: 20 | AN21: 20 | AO21: 20
B22: 4 | C22: Tarefa futura | D22: Não | E22: IWP (INFRAESTRUTURA) MONTAGEM DE ELETROCALHA | F22: 1 | G22: 0 | H22: 0 dias | I22: 7,95 dias | J22: Qua 29/07/26 09:00 | K22: ND | L22: Qua 12/08/26 09:00 | M22: Sex 07/08/26 15:42 | N22: ND | O22: Sex 21/08/26 15:42 | P22: 201.6 | AA22: 83 | AB22: 201.6 | AC22: 201.6 | AD22: 201.6 | AE22: 201.6 | AF22: 201.6 | AG22: 201.6 | AH22: 201.6 | AI22: 201.6 | AJ22: 201.6 | AK22: 201.6 | AL22: 201.6 | AM22: 201.6 | AN22: 201.6 | AO22: 201.6
B23: 4 | C23: Tarefa futura | D23: Não | E23: IWP (CABEAMENTO) | F23: 0.4486 | G23: 0 | H23: 0 dias | I23: 5,68 dias | J23: Seg 03/08/26 13:36 | K23: ND | L23: Seg 17/08/26 13:36 | M23: Ter 11/08/26 10:42 | N23: ND | O23: Ter 25/08/26 10:42 | P23: 37 | AB23: 16.6 | AC23: 37 | AD23: 37 | AE23: 37 | AF23: 37 | AG23: 37 | AH23: 37 | AI23: 37 | AJ23: 37 | AK23: 37 | AL23: 37 | AM23: 37 | AN23: 37 | AO23: 37
B24: 4 | C24: Tarefa futura | D24: Não | E24: IWP (INSTALAÇÃO DE MALHA) | F24: 0.3333 | G24: 0 | H24: 0 dias | I24: 10,62 dias | J24: Qua 29/07/26 09:00 | K24: ND | L24: Qua 12/08/26 09:00 | M24: Qua 12/08/26 13:42 | N24: ND | O24: Qua 26/08/26 13:42 | P24: 48 | AA24: 16 | AB24: 16 | AC24: 48 | AD24: 48 | AE24: 48 | AF24: 48 | AG24: 48 | AH24: 48 | AI24: 48 | AJ24: 48 | AK24: 48 | AL24: 48 | AM24: 48 | AN24: 48 | AO24: 48
B25: 4 | C25: Tarefa futura | D25: Não | E25: IWP (TESTE) | F25: 0.3333 | G25: 0 | H25: 0 dias | I25: 5,18 dias | J25: Ter 04/08/26 10:36 | K25: ND | L25: Ter 18/08/26 10:36 | M25: Ter 11/08/26 11:42 | N25: ND | O25: Ter 25/08/26 11:42 | P25: 6 | AB25: 2 | AC25: 6 | AD25: 6 | AE25: 6 | AF25: 6 | AG25: 6 | AH25: 6 | AI25: 6 | AJ25: 6 | AK25: 6 | AL25: 6 | AM25: 6 | AN25: 6 | AO25: 6
B26: 4 | C26: Tarefa futura | D26: Não | E26: IWP (LIGAÇÃO) | F26: 0.3333 | G26: 0 | H26: 0 dias | I26: 6,18 dias | J26: Ter 04/08/26 11:36 | K26: ND | L26: Ter 18/08/26 11:36 | M26: Qua 12/08/26 13:42 | N26: ND | O26: Qua 26/08/26 13:42 | P26: 6 | AB26: 2 | AC26: 6 | AD26: 6 | AE26: 6 | AF26: 6 | AG26: 6 | AH26: 6 | AI26: 6 | AJ26: 6 | AK26: 6 | AL26: 6 | AM26: 6 | AN26: 6 | AO26: 6
B27: 3 | C27: Tarefa futura | D27: Não | E27: CWP (TESTE HIDROSTÁTICO) | F27: 0 | G27: 0 | H27: 0 dias | I27: 1,67 dias | J27: Seg 14/09/26 13:46 | K27: ND | L27: Seg 28/09/26 13:46 | M27: Qua 16/09/26 10:46 | N27: ND | O27: Qua 30/09/26 10:46 | P27: 20 | AH27: 20 | AI27: 20 | AJ27: 20 | AK27: 20 | AL27: 20 | AM27: 20 | AN27: 20 | AO27: 20
B28: 4 | C28: Tarefa futura | D28: Não | E28: IWP (TESDE HIDROSTÁTICO) | F28: 0 | G28: 0 | H28: 0 dias | I28: 1,67 dias | J28: Seg 14/09/26 13:46 | K28: ND | L28: Seg 28/09/26 13:46 | M28: Qua 16/09/26 10:46 | N28: ND | O28: Qua 30/09/26 10:46 | P28: 20 | AH28: 20 | AI28: 20 | AJ28: 20 | AK28: 20 | AL28: 20 | AM28: 20 | AN28: 20 | AO28: 20
B29: 3 | C29: Tarefa futura | D29: Não | E29: CWP (ANDAIME) | F29: 0 | G29: 0 | H29: 0 dias | I29: 0 dias | J29: Qua 16/09/26 10:46 | K29: ND | L29: Qua 30/09/26 10:46 | M29: Qua 16/09/26 10:46 | N29: ND | O29: Qua 30/09/26 10:46 | P29: 0 | AH29: 0 | AI29: 0 | AJ29: 0 | AK29: 0 | AL29: 0 | AM29: 0 | AN29: 0 | AO29: 0
B30: 4 | C30: Tarefa futura | D30: Não | E30: IWP (DESMONTAGEM) | F30: 0 | G30: 0 | H30: 0 dias | I30: 0 dias | J30: Qua 16/09/26 10:46 | K30: ND | L30: Qua 30/09/26 10:46 | M30: Qua 16/09/26 10:46 | N30: ND | O30: Qua 30/09/26 10:46 | P30: 0 | AH30: 0 | AI30: 0 | AJ30: 0 | AK30: 0 | AL30: 0 | AM30: 0 | AN30: 0 | AO30: 0
B31: 3 | C31: Tarefa futura | D31: Não | E31: CONCLUSÃO DA EXECUÇÃO DA ÁREA | F31: 0 | G31: 0 | H31: 0 dias | I31: 0 dias | J31: Qua 16/09/26 10:46 | K31: ND | L31: Qua 30/09/26 10:46 | M31: Qua 16/09/26 10:46 | N31: ND | O31: Qua 30/09/26 10:46 | P31: 0 | AH31: 0 | AI31: 0 | AJ31: 0 | AK31: 0 | AL31: 0 | AM31: 0 | AN31: 0 | AO31: 0
B32: 2 | C32: No Prazo | D32: Não | E32: CWA (ÁREA 3 - SETOR P/T) | F32: 0.3118 | G32: 0.1896 | H32: 48,27 dias | I32: 29,69 dias | J32: Seg 15/06/26 09:00 | K32: Seg 15/06/26 09:00 | L32: Seg 15/06/26 09:00 | M32: Qui 17/09/26 15:46 | N32: ND | O32: Qui 01/10/26 15:46 | P32: 838.6 | U32: 10.4 | V32: 20.8 | W32: 31.2 | X32: 41.6 | Y32: 77.6 | Z32: 86 | AA32: 152.2 | AB32: 261.49 | AC32: 528.03 | AD32: 721.6 | AE32: 778.6 | AF32: 778.6 | AG32: 778.6 | AH32: 838.6 | AI32: 838.6 | AJ32: 838.6 | AK32: 838.6 | AL32: 838.6 | AM32: 838.6 | AN32: 838.6 | AO32: 838.6
B33: 3 | C33: Tarefa futura | D33: Não | E33: CWP (ANDAIME) | F33: 0 | G33: 0 | H33: 0 dias | I33: 0 dias | J33: Qui 03/09/26 10:37 | K33: ND | L33: Sex 18/09/26 10:37 | M33: Qui 03/09/26 10:37 | N33: ND | O33: Sex 18/09/26 10:37 | P33: 0 | AF33: 0 | AG33: 0 | AH33: 0 | AI33: 0 | AJ33: 0 | AK33: 0 | AL33: 0 | AM33: 0 | AN33: 0 | AO33: 0
B34: 4 | C34: Tarefa futura | D34: Não | E34: IWP (MONTAGEM) | F34: 0 | G34: 0 | H34: 0 dias | I34: 0 dias | J34: Qui 03/09/26 10:37 | K34: ND | L34: Sex 18/09/26 10:37 | M34: Qui 03/09/26 10:37 | N34: ND | O34: Sex 18/09/26 10:37 | P34: 0 | AF34: 0 | AG34: 0 | AH34: 0 | AI34: 0 | AJ34: 0 | AK34: 0 | AL34: 0 | AM34: 0 | AN34: 0 | AO34: 0
B35: 3 | C35: No Prazo | D35: Não | E35: CWP (TUBULAÇÃO) | F35: 0.3512 | G35: 0.2135 | H35: 50,17 dias | I35: 26,13 dias | J35: Seg 15/06/26 09:00 | K35: Seg 15/06/26 09:00 | L35: Seg 15/06/26 09:00 | M35: Qua 16/09/26 10:46 | N35: ND | O35: Qua 30/09/26 10:46 | P35: 744.6 | U35: 10.4 | V35: 20.8 | W35: 31.2 | X35: 41.6 | Y35: 77.6 | Z35: 86 | AA35: 152.2 | AB35: 261.49 | AC35: 499.43 | AD35: 647.6 | AE35: 704.6 | AF35: 704.6 | AG35: 704.6 | AH35: 744.6 | AI35: 744.6 | AJ35: 744.6 | AK35: 744.6 | AL35: 744.6 | AM35: 744.6 | AN35: 744.6 | AO35: 744.6
B36: 4 | C36: No Prazo | D36: Não | E36: IWP (FABRICAÇÃO) | F36: 1 | G36: 0.6761 | H36: 39,1 dias | I36: 3,4 dias | J36: Seg 15/06/26 09:00 | K36: Seg 15/06/26 09:00 | L36: Seg 15/06/26 09:00 | M36: Qua 29/07/26 12:00 | N36: ND | O36: Qua 12/08/26 12:00 | P36: 127.2 | U36: 10.4 | V36: 20.8 | W36: 31.2 | X36: 41.6 | Y36: 77.6 | Z36: 86 | AA36: 127.2 | AB36: 127.2 | AC36: 127.2 | AD36: 127.2 | AE36: 127.2 | AF36: 127.2 | AG36: 127.2 | AH36: 127.2 | AI36: 127.2 | AJ36: 127.2 | AK36: 127.2 | AL36: 127.2 | AM36: 127.2 | AN36: 127.2 | AO36: 127.2
B37: 4 | C37: Concluída | D37: Não | E37: IWP (SUPORTE - FABRICAÇÃO) | F37: 1 | G37: 1 | H37: 4 dias | I37: 0 dias | J37: Seg 27/07/26 09:00 | K37: Ter 04/08/26 09:00 | L37: Ter 04/08/26 09:00 | M37: Sex 31/07/26 10:00 | N37: Sex 07/08/26 16:00 | O37: Sex 07/08/26 16:00 | P37: 25 | AA37: 25 | AB37: 25 | AC37: 25 | AD37: 25 | AE37: 25 | AF37: 25 | AG37: 25 | AH37: 25 | AI37: 25 | AJ37: 25 | AK37: 25 | AL37: 25 | AM37: 25 | AN37: 25 | AO37: 25
B38: 4 | C38: Tarefa futura | D38: Não | E38: IWP (SUPORTE - MONTAGEM) | F38: 0.5208 | G38: 1 | H38: 0 dias | I38: 4 dias | J38: Qua 05/08/26 15:30 | K38: ND | L38: Qua 19/08/26 15:30 | M38: Ter 11/08/26 15:30 | N38: ND | O38: Ter 25/08/26 15:30 | P38: 48 | AB38: 25 | AC38: 48 | AD38: 48 | AE38: 48 | AF38: 48 | AG38: 48 | AH38: 48 | AI38: 48 | AJ38: 48 | AK38: 48 | AL38: 48 | AM38: 48 | AN38: 48 | AO38: 48
B39: 4 | C39: Tarefa futura | D39: Não | E39: IWP (MONTAGEM) | F39: 0.1571 | G39: 0 | H39: 0 dias | I39: 17,03 dias | J39: Ter 04/08/26 09:48 | K39: ND | L39: Ter 18/08/26 09:48 | M39: Qui 27/08/26 10:00 | N39: ND | O39: Sex 11/09/26 10:00 | P39: 498.4 | AB39: 78.29 | AC39: 293.23 | AD39: 441.4 | AE39: 498.4 | AF39: 498.4 | AG39: 498.4 | AH39: 498.4 | AI39: 498.4 | AJ39: 498.4 | AK39: 498.4 | AL39: 498.4 | AM39: 498.4 | AN39: 498.4 | AO39: 498.4
B40: 4 | C40: Tarefa futura | D40: Não | E40: IWP (CIVIL) | F40: 1 | G40: 0 | H40: 0 dias | I40: 1 dia | J40: Qua 05/08/26 11:00 | K40: ND | L40: Ter 11/08/26 13:00 | M40: Qui 06/08/26 11:00 | N40: ND | O40: Qua 12/08/26 12:00 | P40: 6 | AB40: 6 | AC40: 6 | AD40: 6 | AE40: 6 | AF40: 6 | AG40: 6 | AH40: 6 | AI40: 6 | AJ40: 6 | AK40: 6 | AL40: 6 | AM40: 6 | AN40: 6 | AO40: 6
B41: 4 | C41: Tarefa futura | D41: Não | E41: IWP (TIE-IN) | F41: 0 | G41: 0 | H41: 0 dias | I41: 1,67 dias | J41: Seg 14/09/26 13:46 | K41: ND | L41: Seg 28/09/26 13:46 | M41: Qua 16/09/26 10:46 | N41: ND | O41: Qua 30/09/26 10:46 | P41: 40 | AH41: 40 | AI41: 40 | AJ41: 40 | AK41: 40 | AL41: 40 | AM41: 40 | AN41: 40 | AO41: 40
B42: 3 | C42: Tarefa futura | D42: Não | E42: CWP (ELÉTRICA) | F42: 0 | G42: 0 | H42: 0 dias | I42: 6 dias | J42: Qua 12/08/26 13:42 | K42: ND | L42: Qua 26/08/26 13:42 | M42: Qui 20/08/26 13:42 | N42: ND | O42: Qui 03/09/26 13:42 | P42: 74 | AC42: 28.6 | AD42: 74 | AE42: 74 | AF42: 74 | AG42: 74 | AH42: 74 | AI42: 74 | AJ42: 74 | AK42: 74 | AL42: 74 | AM42: 74 | AN42: 74 | AO42: 74
B43: 4 | C43: Tarefa futura | D43: Não | E43: IWP (CABEAMENTO) | F43: 0 | G43: 0 | H43: 0 dias | I43: 2,83 dias | J43: Qua 12/08/26 13:42 | K43: ND | L43: Qua 26/08/26 13:42 | M43: Seg 17/08/26 11:42 | N43: ND | O43: Seg 31/08/26 11:42 | P43: 34 | AC43: 28.6 | AD43: 34 | AE43: 34 | AF43: 34 | AG43: 34 | AH43: 34 | AI43: 34 | AJ43: 34 | AK43: 34 | AL43: 34 | AM43: 34 | AN43: 34 | AO43: 34
B44: 4 | C44: Tarefa futura | D44: Não | E44: IWP (INSTALAÇÃO DE MALHA) | F44: 0 | G44: 0 | H44: 0 dias | I44: 2,67 dias | J44: Seg 17/08/26 11:42 | K44: ND | L44: Seg 31/08/26 11:42 | M44: Qui 20/08/26 09:42 | N44: ND | O44: Qui 03/09/26 09:42 | P44: 32 | AD44: 32 | AE44: 32 | AF44: 32 | AG44: 32 | AH44: 32 | AI44: 32 | AJ44: 32 | AK44: 32 | AL44: 32 | AM44: 32 | AN44: 32 | AO44: 32
B45: 4 | C45: Tarefa futura | D45: Não | E45: IWP (TESTE) | F45: 0 | G45: 0 | H45: 0 dias | I45: 0,33 dias | J45: Qui 20/08/26 09:42 | K45: ND | L45: Qui 03/09/26 09:42 | M45: Qui 20/08/26 11:42 | N45: ND | O45: Qui 03/09/26 11:42 | P45: 4 | AD45: 4 | AE45: 4 | AF45: 4 | AG45: 4 | AH45: 4 | AI45: 4 | AJ45: 4 | AK45: 4 | AL45: 4 | AM45: 4 | AN45: 4 | AO45: 4
B46: 4 | C46: Tarefa futura | D46: Não | E46: IWP (LIGAÇÃO) | F46: 0 | G46: 0 | H46: 0 dias | I46: 0,33 dias | J46: Qui 20/08/26 10:42 | K46: ND | L46: Qui 03/09/26 10:42 | M46: Qui 20/08/26 13:42 | N46: ND | O46: Qui 03/09/26 13:42 | P46: 4 | AD46: 4 | AE46: 4 | AF46: 4 | AG46: 4 | AH46: 4 | AI46: 4 | AJ46: 4 | AK46: 4 | AL46: 4 | AM46: 4 | AN46: 4 | AO46: 4
B47: 3 | C47: Tarefa futura | D47: Não | E47: CWP (TESTE HIDROSTÁTICO) | F47: 0 | G47: 0 | H47: 0 dias | I47: 1,67 dias | J47: Qua 16/09/26 10:46 | K47: ND | L47: Qua 30/09/26 10:46 | M47: Qui 17/09/26 15:46 | N47: ND | O47: Qui 01/10/26 15:46 | P47: 20 | AH47: 20 | AI47: 20 | AJ47: 20 | AK47: 20 | AL47: 20 | AM47: 20 | AN47: 20 | AO47: 20
B48: 4 | C48: Tarefa futura | D48: Não | E48: IWP (TESDE HIDROSTÁTICO) | F48: 0 | G48: 0 | H48: 0 dias | I48: 1,67 dias | J48: Qua 16/09/26 10:46 | K48: ND | L48: Qua 30/09/26 10:46 | M48: Qui 17/09/26 15:46 | N48: ND | O48: Qui 01/10/26 15:46 | P48: 20 | AH48: 20 | AI48: 20 | AJ48: 20 | AK48: 20 | AL48: 20 | AM48: 20 | AN48: 20 | AO48: 20
B49: 3 | C49: Tarefa futura | D49: Não | E49: CWP (ANDAIME) | F49: 0 | G49: 0 | H49: 0 dias | I49: 0 dias | J49: Qui 17/09/26 15:46 | K49: ND | L49: Qui 01/10/26 15:46 | M49: Qui 17/09/26 15:46 | N49: ND | O49: Qui 01/10/26 15:46 | P49: 0 | AH49: 0 | AI49: 0 | AJ49: 0 | AK49: 0 | AL49: 0 | AM49: 0 | AN49: 0 | AO49: 0
B50: 4 | C50: Tarefa futura | D50: Não | E50: IWP (DESMONTAGEM) | F50: 0 | G50: 0 | H50: 0 dias | I50: 0 dias | J50: Qui 17/09/26 15:46 | K50: ND | L50: Qui 01/10/26 15:46 | M50: Qui 17/09/26 15:46 | N50: ND | O50: Qui 01/10/26 15:46 | P50: 0 | AH50: 0 | AI50: 0 | AJ50: 0 | AK50: 0 | AL50: 0 | AM50: 0 | AN50: 0 | AO50: 0
B51: 3 | C51: Tarefa futura | D51: Não | E51: CONCLUSÃO DA EXECUÇÃO DA ÁREA | F51: 0 | G51: 0 | H51: 0 dias | I51: 0 dias | J51: Qui 17/09/26 15:46 | K51: ND | L51: Qui 01/10/26 15:46 | M51: Qui 17/09/26 15:46 | N51: ND | O51: Qui 01/10/26 15:46 | P51: 0 | AH51: 0 | AI51: 0 | AJ51: 0 | AK51: 0 | AL51: 0 | AM51: 0 | AN51: 0 | AO51: 0
B52: 2 | C52: No Prazo | D52: Não | E52: CWA (ÁREA 1 - SETOR CE) | F52: 0.2983 | G52: 0.0279 | H52: 1,81 dias | I52: 41,4 dias | J52: Qua 29/07/26 13:00 | K52: Ter 04/08/26 09:00 | L52: Ter 04/08/26 09:00 | M52: Seg 21/09/26 10:16 | N52: ND | O52: Seg 05/10/26 10:16 | P52: 716.7 | AA52: 103 | AB52: 213.8 | AC52: 335.8 | AD52: 432.8 | AE52: 601.2 | AF52: 634.2 | AG52: 634.2 | AH52: 715.44 | AI52: 716.7 | AJ52: 716.7 | AK52: 716.7 | AL52: 716.7 | AM52: 716.7 | AN52: 716.7 | AO52: 716.7
B53: 3 | C53: Tarefa futura | D53: Não | E53: CWP (ANDAIME) | F53: 0 | G53: 0 | H53: 0 dias | I53: 0 dias | J53: Qui 17/09/26 15:46 | K53: ND | L53: Qui 01/10/26 15:46 | M53: Qui 17/09/26 15:46 | N53: ND | O53: Qui 01/10/26 15:46 | P53: 0 | AH53: 0 | AI53: 0 | AJ53: 0 | AK53: 0 | AL53: 0 | AM53: 0 | AN53: 0 | AO53: 0
B54: 4 | C54: Tarefa futura | D54: Não | E54: IWP (MONTAGEM) | F54: 0 | G54: 0 | H54: 0 dias | I54: 0 dias | J54: Qui 17/09/26 15:46 | K54: ND | L54: Qui 01/10/26 15:46 | M54: Qui 17/09/26 15:46 | N54: ND | O54: Qui 01/10/26 15:46 | P54: 0 | AH54: 0 | AI54: 0 | AJ54: 0 | AK54: 0 | AL54: 0 | AM54: 0 | AN54: 0 | AO54: 0
B55: 3 | C55: No Prazo | D55: Não | E55: CWP (TUBULAÇÃO) | F55: 0.3431 | G55: 0.0321 | H55: 1,99 dias | I55: 39,14 dias | J55: Qua 29/07/26 13:00 | K55: Ter 04/08/26 09:00 | L55: Ter 04/08/26 09:00 | M55: Qui 17/09/26 09:46 | N55: ND | O55: Qui 01/10/26 09:46 | P55: 623.2 | AA55: 103 | AB55: 213.8 | AC55: 335.8 | AD55: 416.2 | AE55: 530.2 | AF55: 563.2 | AG55: 563.2 | AH55: 623.2 | AI55: 623.2 | AJ55: 623.2 | AK55: 623.2 | AL55: 623.2 | AM55: 623.2 | AN55: 623.2 | AO55: 623.2
B56: 4 | C56: Tarefa futura | D56: Não | E56: IWP (FABRICAÇÃO) | F56: 1 | G56: 0 | H56: 0 dias | I56: 4,17 dias | J56: Qua 29/07/26 13:00 | K56: ND | L56: Qua 12/08/26 13:00 | M56: Ter 04/08/26 14:00 | N56: ND | O56: Ter 18/08/26 14:00 | P56: 127.8 | AA56: 88 | AB56: 127.8 | AC56: 127.8 | AD56: 127.8 | AE56: 127.8 | AF56: 127.8 | AG56: 127.8 | AH56: 127.8 | AI56: 127.8 | AJ56: 127.8 | AK56: 127.8 | AL56: 127.8 | AM56: 127.8 | AN56: 127.8 | AO56: 127.8
B57: 4 | C57: Concluída | D57: Não | E57: IWP (SUPORTE - FABRICAÇÃO) | F57: 1 | G57: 1 | H57: 4 dias | I57: 0 dias | J57: Qua 29/07/26 13:00 | K57: Ter 04/08/26 09:00 | L57: Ter 04/08/26 09:00 | M57: Seg 03/08/26 15:00 | N57: Sex 07/08/26 16:00 | O57: Sex 07/08/26 16:00 | P57: 20 | AA57: 15 | AB57: 20 | AC57: 20 | AD57: 20 | AE57: 20 | AF57: 20 | AG57: 20 | AH57: 20 | AI57: 20 | AJ57: 20 | AK57: 20 | AL57: 20 | AM57: 20 | AN57: 20 | AO57: 20
B58: 4 | C58: Tarefa futura | D58: Não | E58: IWP (SUPORTE - MONTAGEM) | F58: 0 | G58: 0 | H58: 0 dias | I58: 2,67 dias | J58: Ter 11/08/26 15:30 | K58: ND | L58: Ter 25/08/26 15:30 | M58: Sex 14/08/26 13:30 | N58: ND | O58: Sex 28/08/26 13:30 | P58: 32 | AC58: 32 | AD58: 32 | AE58: 32 | AF58: 32 | AG58: 32 | AH58: 32 | AI58: 32 | AJ58: 32 | AK58: 32 | AL58: 32 | AM58: 32 | AN58: 32 | AO58: 32
B59: 4 | C59: Tarefa futura | D59: Não | E59: IWP (MONTAGEM) | F59: 0.159 | G59: 0 | H59: 0 dias | I59: 19,63 dias | J59: Ter 04/08/26 14:00 | K59: ND | L59: Ter 18/08/26 14:00 | M59: Ter 01/09/26 10:48 | N59: ND | O59: Qua 16/09/26 10:48 | P59: 377.4 | AB59: 60 | AC59: 150 | AD59: 230.4 | AE59: 344.4 | AF59: 377.4 | AG59: 377.4 | AH59: 377.4 | AI59: 377.4 | AJ59: 377.4 | AK59: 377.4 | AL59: 377.4 | AM59: 377.4 | AN59: 377.4 | AO59: 377.4
B60: 4 | C60: Tarefa futura | D60: Não | E60: IWP (CIVIL) | F60: 1 | G60: 0 | H60: 0 dias | I60: 1 dia | J60: Qui 06/08/26 11:00 | K60: ND | L60: Qua 12/08/26 13:00 | M60: Sex 07/08/26 11:00 | N60: ND | O60: Qui 13/08/26 12:00 | P60: 6 | AB60: 6 | AC60: 6 | AD60: 6 | AE60: 6 | AF60: 6 | AG60: 6 | AH60: 6 | AI60: 6 | AJ60: 6 | AK60: 6 | AL60: 6 | AM60: 6 | AN60: 6 | AO60: 6
B61: 4 | C61: Tarefa futura | D61: Não | E61: IWP (TIE-IN) | F61: 0 | G61: 0 | H61: 0 dias | I61: 1,67 dias | J61: Ter 15/09/26 11:46 | K61: ND | L61: Ter 29/09/26 11:46 | M61: Qui 17/09/26 09:46 | N61: ND | O61: Qui 01/10/26 09:46 | P61: 60 | AH61: 60 | AI61: 60 | AJ61: 60 | AK61: 60 | AL61: 60 | AM61: 60 | AN61: 60 | AO61: 60
B62: 3 | C62: Tarefa futura | D62: Não | E62: CWP (ELÉTRICA) | F62: 0 | G62: 0 | H62: 0 dias | I62: 4,33 dias | J62: Qui 20/08/26 13:42 | K62: ND | L62: Qui 03/09/26 13:42 | M62: Qua 26/08/26 15:42 | N62: ND | O62: Qui 10/09/26 15:42 | P62: 71 | AD62: 16.6 | AE62: 71 | AF62: 71 | AG62: 71 | AH62: 71 | AI62: 71 | AJ62: 71 | AK62: 71 | AL62: 71 | AM62: 71 | AN62: 71 | AO62: 71
B63: 4 | C63: Tarefa futura | D63: Não | E63: IWP (CABEAMENTO) | F63: 0 | G63: 0 | H63: 0 dias | I63: 2,58 dias | J63: Qui 20/08/26 13:42 | K63: ND | L63: Qui 03/09/26 13:42 | M63: Ter 25/08/26 10:12 | N63: ND | O63: Qua 09/09/26 10:12 | P63: 31 | AD63: 16.6 | AE63: 31 | AF63: 31 | AG63: 31 | AH63: 31 | AI63: 31 | AJ63: 31 | AK63: 31 | AL63: 31 | AM63: 31 | AN63: 31 | AO63: 31
B64: 4 | C64: Tarefa futura | D64: Não | E64: IWP (INSTALAÇÃO DE MALHA) | F64: 0 | G64: 0 | H64: 0 dias | I64: 2,67 dias | J64: Seg 24/08/26 09:42 | K64: ND | L64: Ter 08/09/26 09:42 | M64: Qua 26/08/26 14:42 | N64: ND | O64: Qui 10/09/26 14:42 | P64: 32 | AE64: 32 | AF64: 32 | AG64: 32 | AH64: 32 | AI64: 32 | AJ64: 32 | AK64: 32 | AL64: 32 | AM64: 32 | AN64: 32 | AO64: 32
B65: 4 | C65: Tarefa futura | D65: Não | E65: IWP (TESTE) | F65: 0 | G65: 0 | H65: 0 dias | I65: 1,25 dias | J65: Seg 24/08/26 09:42 | K65: ND | L65: Ter 08/09/26 09:42 | M65: Ter 25/08/26 11:12 | N65: ND | O65: Qua 09/09/26 11:12 | P65: 4 | AE65: 4 | AF65: 4 | AG65: 4 | AH65: 4 | AI65: 4 | AJ65: 4 | AK65: 4 | AL65: 4 | AM65: 4 | AN65: 4 | AO65: 4
B66: 4 | C66: Tarefa futura | D66: Não | E66: IWP (LIGAÇÃO) | F66: 0 | G66: 0 | H66: 0 dias | I66: 1,5 dias | J66: Ter 25/08/26 11:42 | K66: ND | L66: Qua 09/09/26 11:42 | M66: Qua 26/08/26 15:42 | N66: ND | O66: Qui 10/09/26 15:42 | P66: 4 | AE66: 4 | AF66: 4 | AG66: 4 | AH66: 4 | AI66: 4 | AJ66: 4 | AK66: 4 | AL66: 4 | AM66: 4 | AN66: 4 | AO66: 4
B67: 3 | C67: Tarefa futura | D67: Não | E67: CWP (TESTE HIDROSTÁTICO) | F67: 0 | G67: 0 | H67: 0 dias | I67: 2,08 dias | J67: Qui 17/09/26 09:46 | K67: ND | L67: Qui 01/10/26 09:46 | M67: Seg 21/09/26 10:16 | N67: ND | O67: Seg 05/10/26 10:16 | P67: 22.5 | AH67: 21.24 | AI67: 22.5 | AJ67: 22.5 | AK67: 22.5 | AL67: 22.5 | AM67: 22.5 | AN67: 22.5 | AO67: 22.5
B68: 4 | C68: Tarefa futura | D68: Não | E68: IWP (TESDE HIDROSTÁTICO) | F68: 0 | G68: 0 | H68: 0 dias | I68: 2,08 dias | J68: Qui 17/09/26 09:46 | K68: ND | L68: Qui 01/10/26 09:46 | M68: Seg 21/09/26 10:16 | N68: ND | O68: Seg 05/10/26 10:16 | P68: 22.5 | AH68: 21.24 | AI68: 22.5 | AJ68: 22.5 | AK68: 22.5 | AL68: 22.5 | AM68: 22.5 | AN68: 22.5 | AO68: 22.5
B69: 3 | C69: Tarefa futura | D69: Não | E69: CWP (ANDAIME) | F69: 0 | G69: 0 | H69: 0 dias | I69: 0 dias | J69: Seg 21/09/26 10:16 | K69: ND | L69: Seg 05/10/26 10:16 | M69: Seg 21/09/26 10:16 | N69: ND | O69: Seg 05/10/26 10:16 | P69: 0 | AI69: 0 | AJ69: 0 | AK69: 0 | AL69: 0 | AM69: 0 | AN69: 0 | AO69: 0
B70: 4 | C70: Tarefa futura | D70: Não | E70: IWP (DESMONTAGEM) | F70: 0 | G70: 0 | H70: 0 dias | I70: 0 dias | J70: Seg 21/09/26 10:16 | K70: ND | L70: Seg 05/10/26 10:16 | M70: Seg 21/09/26 10:16 | N70: ND | O70: Seg 05/10/26 10:16 | P70: 0 | AI70: 0 | AJ70: 0 | AK70: 0 | AL70: 0 | AM70: 0 | AN70: 0 | AO70: 0
B71: 3 | C71: Tarefa futura | D71: Não | E71: CONCLUSÃO DA EXECUÇÃO DA ÁREA | F71: 0 | G71: 0 | H71: 0 dias | I71: 0 dias | J71: Seg 21/09/26 10:16 | K71: ND | L71: Seg 05/10/26 10:16 | M71: Seg 21/09/26 10:16 | N71: ND | O71: Seg 05/10/26 10:16 | P71: 0 | AI71: 0 | AJ71: 0 | AK71: 0 | AL71: 0 | AM71: 0 | AN71: 0 | AO71: 0
B72: 2 | C72: No Prazo | D72: Não | E72: CWA (ÁREA 6 - SETOR E) | F72: 0.0489 | G72: 0.0191 | H72: 1,85 dias | I72: 42,54 dias | J72: Qua 29/07/26 13:00 | K72: Ter 04/08/26 09:00 | L72: Ter 04/08/26 09:00 | M72: Ter 22/09/26 11:22 | N72: ND | O72: Ter 06/10/26 11:22 | P72: 524.67 | AA72: 21.64 | AB72: 25.64 | AC72: 58.84 | AD72: 105.18 | AE72: 207.89 | AF72: 323.44 | AG72: 371.44 | AH72: 493.92 | AI72: 524.67 | AJ72: 524.67 | AK72: 524.67 | AL72: 524.67 | AM72: 524.67 | AN72: 524.67 | AO72: 524.67
B73: 3 | C73: Tarefa futura | D73: Não | E73: CWP (ANDAIME) | F73: 0 | G73: 0 | H73: 0 dias | I73: 0 dias | J73: Seg 21/09/26 10:16 | K73: ND | L73: Seg 05/10/26 10:16 | M73: Seg 21/09/26 10:16 | N73: ND | O73: Seg 05/10/26 10:16 | P73: 0 | AI73: 0 | AJ73: 0 | AK73: 0 | AL73: 0 | AM73: 0 | AN73: 0 | AO73: 0
B74: 4 | C74: Tarefa futura | D74: Não | E74: IWP (MONTAGEM) | F74: 0 | G74: 0 | H74: 0 dias | I74: 0 dias | J74: Seg 21/09/26 10:16 | K74: ND | L74: Seg 05/10/26 10:16 | M74: Seg 21/09/26 10:16 | N74: ND | O74: Seg 05/10/26 10:16 | P74: 0 | AI74: 0 | AJ74: 0 | AK74: 0 | AL74: 0 | AM74: 0 | AN74: 0 | AO74: 0
B75: 3 | C75: No Prazo | D75: Não | E75: CWP (TUBULAÇÃO) | F75: 0.0876 | G75: 0.0341 | H75: 2,61 dias | I75: 39,68 dias | J75: Qua 29/07/26 13:00 | K75: Ter 04/08/26 09:00 | L75: Ter 04/08/26 09:00 | M75: Sex 18/09/26 10:46 | N75: ND | O75: Sex 02/10/26 10:46 | P75: 292.84 | AA75: 21.64 | AB75: 25.64 | AC75: 58.84 | AD75: 105.18 | AE75: 183.29 | AF75: 238.84 | AG75: 238.84 | AH75: 292.84 | AI75: 292.84 | AJ75: 292.84 | AK75: 292.84 | AL75: 292.84 | AM75: 292.84 | AN75: 292.84 | AO75: 292.84
B76: 4 | C76: Tarefa futura | D76: Não | E76: IWP (FABRICAÇÃO) | F76: 1 | G76: 0 | H76: 0 dias | I76: 1,67 dias | J76: Qua 29/07/26 13:00 | K76: ND | L76: Qua 12/08/26 13:00 | M76: Sex 31/07/26 10:00 | N76: ND | O76: Sex 14/08/26 10:00 | P76: 11.64 | AA76: 11.64 | AB76: 11.64 | AC76: 11.64 | AD76: 11.64 | AE76: 11.64 | AF76: 11.64 | AG76: 11.64 | AH76: 11.64 | AI76: 11.64 | AJ76: 11.64 | AK76: 11.64 | AL76: 11.64 | AM76: 11.64 | AN76: 11.64 | AO76: 11.64
B77: 4 | C77: Concluída | D77: Não | E77: IWP (SUPORTE - FABRICAÇÃO) | F77: 1 | G77: 1 | H77: 4 dias | I77: 0 dias | J77: Qua 29/07/26 13:00 | K77: Ter 04/08/26 09:00 | L77: Ter 04/08/26 09:00 | M77: Sex 31/07/26 10:00 | N77: Sex 07/08/26 16:00 | O77: Sex 07/08/26 16:00 | P77: 10 | AA77: 10 | AB77: 10 | AC77: 10 | AD77: 10 | AE77: 10 | AF77: 10 | AG77: 10 | AH77: 10 | AI77: 10 | AJ77: 10 | AK77: 10 | AL77: 10 | AM77: 10 | AN77: 10 | AO77: 10
B78: 4 | C78: Tarefa futura | D78: Não | E78: IWP (SUPORTE - MONTAGEM) | F78: 0 | G78: 0 | H78: 0 dias | I78: 0,25 dias | J78: Sex 14/08/26 13:30 | K78: ND | L78: Sex 28/08/26 13:30 | M78: Sex 14/08/26 15:00 | N78: ND | O78: Sex 28/08/26 15:00 | P78: 3 | AC78: 3 | AD78: 3 | AE78: 3 | AF78: 3 | AG78: 3 | AH78: 3 | AI78: 3 | AJ78: 3 | AK78: 3 | AL78: 3 | AM78: 3 | AN78: 3 | AO78: 3
B79: 4 | C79: Tarefa futura | D79: Não | E79: IWP (CIVIL) | F79: 0.0404 | G79: 0 | H79: 0 dias | I79: 16,5 dias | J79: Sex 07/08/26 11:00 | K79: ND | L79: Qui 13/08/26 13:00 | M79: Seg 31/08/26 15:00 | N79: ND | O79: Sex 04/09/26 16:00 | P79: 99 | AB79: 4 | AC79: 34 | AD79: 64 | AE79: 94 | AF79: 99 | AG79: 99 | AH79: 99 | AI79: 99 | AJ79: 99 | AK79: 99 | AL79: 99 | AM79: 99 | AN79: 99 | AO79: 99
B80: 4 | C80: Tarefa futura | D80: Não | E80: IWP (MONTAGEM) | F80: 0 | G80: 0 | H80: 0 dias | I80: 13,13 dias | J80: Sex 14/08/26 15:00 | K80: ND | L80: Sex 28/08/26 15:00 | M80: Qua 02/09/26 15:46 | N80: ND | O80: Qui 17/09/26 15:46 | P80: 115.2 | AC80: 0.2 | AD80: 16.54 | AE80: 64.65 | AF80: 115.2 | AG80: 115.2 | AH80: 115.2 | AI80: 115.2 | AJ80: 115.2 | AK80: 115.2 | AL80: 115.2 | AM80: 115.2 | AN80: 115.2 | AO80: 115.2
B81: 4 | C81: Tarefa futura | D81: Não | E81: IWP (TIE-IN) | F81: 0 | G81: 0 | H81: 0 dias | I81: 2 dias | J81: Qua 16/09/26 10:46 | K81: ND | L81: Qua 30/09/26 10:46 | M81: Sex 18/09/26 10:46 | N81: ND | O81: Sex 02/10/26 10:46 | P81: 54 | AH81: 54 | AI81: 54 | AJ81: 54 | AK81: 54 | AL81: 54 | AM81: 54 | AN81: 54 | AO81: 54
B82: 3 | C82: Tarefa futura | D82: Não | E82: CWP (ELÉTRICA) | F82: 0 | G82: 0 | H82: 0 dias | I82: 17,44 dias | J82: Qua 26/08/26 15:42 | K82: ND | L82: Qui 10/09/26 15:42 | M82: Ter 22/09/26 11:22 | N82: ND | O82: Ter 06/10/26 11:22 | P82: 209.33 | AE82: 24.6 | AF82: 84.6 | AG82: 132.6 | AH82: 192.6 | AI82: 209.33 | AJ82: 209.33 | AK82: 209.33 | AL82: 209.33 | AM82: 209.33 | AN82: 209.33 | AO82: 209.33
B83: 4 | C83: Tarefa futura | D83: Não | E83: IWP (INFRAESTRUTURA) FABRICAR SUPORTE | F83: 0 | G83: 0 | H83: 0 dias | I83: 1,67 dias | J83: Qua 26/08/26 15:42 | K83: ND | L83: Qui 10/09/26 15:42 | M83: Sex 28/08/26 13:42 | N83: ND | O83: Seg 14/09/26 13:42 | P83: 20 | AE83: 20 | AF83: 20 | AG83: 20 | AH83: 20 | AI83: 20 | AJ83: 20 | AK83: 20 | AL83: 20 | AM83: 20 | AN83: 20 | AO83: 20
B84: 4 | C84: Tarefa futura | D84: Não | E84: IWP (INFRAESTRUTURA) MONTAR SUPORTE | F84: 0 | G84: 0 | H84: 0 dias | I84: 1,67 dias | J84: Sex 28/08/26 13:42 | K84: ND | L84: Seg 14/09/26 13:42 | M84: Ter 01/09/26 10:42 | N84: ND | O84: Qua 16/09/26 10:42 | P84: 20 | AE84: 4.6 | AF84: 20 | AG84: 20 | AH84: 20 | AI84: 20 | AJ84: 20 | AK84: 20 | AL84: 20 | AM84: 20 | AN84: 20 | AO84: 20
B85: 4 | C85: Tarefa futura | D85: Não | E85: IWP (INFRAESTRUTURA) MONTAR ELETROCALHA | F85: 0 | G85: 0 | H85: 0 dias | I85: 10 dias | J85: Ter 01/09/26 10:42 | K85: ND | L85: Qua 16/09/26 10:42 | M85: Qua 16/09/26 10:42 | N85: ND | O85: Qua 30/09/26 10:42 | P85: 120 | AF85: 44.6 | AG85: 92.6 | AH85: 120 | AI85: 120 | AJ85: 120 | AK85: 120 | AL85: 120 | AM85: 120 | AN85: 120 | AO85: 120
B86: 4 | C86: Tarefa futura | D86: Não | E86: IWP (CABEAMENTO) | F86: 0 | G86: 0 | H86: 0 dias | I86: 2,5 dias | J86: Qua 16/09/26 10:42 | K86: ND | L86: Qua 30/09/26 10:42 | M86: Sex 18/09/26 14:42 | N86: ND | O86: Sex 02/10/26 14:42 | P86: 30 | AH86: 30 | AI86: 30 | AJ86: 30 | AK86: 30 | AL86: 30 | AM86: 30 | AN86: 30 | AO86: 30
B87: 4 | C87: Tarefa futura | D87: Não | E87: IWP (INSTALAÇÃO DE MALHA) | F87: 0 | G87: 0 | H87: 0 dias | I87: 1,28 dias | J87: Sex 18/09/26 14:42 | K87: ND | L87: Sex 02/10/26 14:42 | M87: Ter 22/09/26 09:22 | N87: ND | O87: Ter 06/10/26 09:22 | P87: 15.33 | AH87: 2.6 | AI87: 15.33 | AJ87: 15.33 | AK87: 15.33 | AL87: 15.33 | AM87: 15.33 | AN87: 15.33 | AO87: 15.33
B88: 4 | C88: Tarefa futura | D88: Não | E88: IWP (TESTE) | F88: 0 | G88: 0 | H88: 0 dias | I88: 0,17 dias | J88: Ter 22/09/26 09:22 | K88: ND | L88: Ter 06/10/26 09:22 | M88: Ter 22/09/26 10:22 | N88: ND | O88: Ter 06/10/26 10:22 | P88: 2 | AI88: 2 | AJ88: 2 | AK88: 2 | AL88: 2 | AM88: 2 | AN88: 2 | AO88: 2
B89: 4 | C89: Tarefa futura | D89: Não | E89: IWP (LIGAÇÃO) | F89: 0 | G89: 0 | H89: 0 dias | I89: 0,17 dias | J89: Ter 22/09/26 10:22 | K89: ND | L89: Ter 06/10/26 10:22 | M89: Ter 22/09/26 11:22 | N89: ND | O89: Ter 06/10/26 11:22 | P89: 2 | AI89: 2 | AJ89: 2 | AK89: 2 | AL89: 2 | AM89: 2 | AN89: 2 | AO89: 2
B90: 3 | C90: Tarefa futura | D90: Não | E90: CWP (TESTE HIDROSTÁTICO) | F90: 0 | G90: 0 | H90: 0 dias | I90: 2,08 dias | J90: Sex 18/09/26 10:46 | K90: ND | L90: Sex 02/10/26 10:46 | M90: Ter 22/09/26 11:16 | N90: ND | O90: Ter 06/10/26 11:16 | P90: 22.5 | AH90: 8.48 | AI90: 22.5 | AJ90: 22.5 | AK90: 22.5 | AL90: 22.5 | AM90: 22.5 | AN90: 22.5 | AO90: 22.5
B91: 4 | C91: Tarefa futura | D91: Não | E91: IWP (TESDE HIDROSTÁTICO) | F91: 0 | G91: 0 | H91: 0 dias | I91: 2,08 dias | J91: Sex 18/09/26 10:46 | K91: ND | L91: Sex 02/10/26 10:46 | M91: Ter 22/09/26 11:16 | N91: ND | O91: Ter 06/10/26 11:16 | P91: 22.5 | AH91: 8.48 | AI91: 22.5 | AJ91: 22.5 | AK91: 22.5 | AL91: 22.5 | AM91: 22.5 | AN91: 22.5 | AO91: 22.5
B92: 3 | C92: Tarefa futura | D92: Não | E92: CWP (ANDAIME) | F92: 0 | G92: 0 | H92: 0 dias | I92: 0 dias | J92: Ter 22/09/26 11:16 | K92: ND | L92: Ter 06/10/26 11:16 | M92: Ter 22/09/26 11:16 | N92: ND | O92: Ter 06/10/26 11:16 | P92: 0 | AI92: 0 | AJ92: 0 | AK92: 0 | AL92: 0 | AM92: 0 | AN92: 0 | AO92: 0
B93: 4 | C93: Tarefa futura | D93: Não | E93: IWP (DESMONTAGEM) | F93: 0 | G93: 0 | H93: 0 dias | I93: 0 dias | J93: Ter 22/09/26 11:16 | K93: ND | L93: Ter 06/10/26 11:16 | M93: Ter 22/09/26 11:16 | N93: ND | O93: Ter 06/10/26 11:16 | P93: 0 | AI93: 0 | AJ93: 0 | AK93: 0 | AL93: 0 | AM93: 0 | AN93: 0 | AO93: 0
B94: 3 | C94: Tarefa futura | D94: Não | E94: CONCLUSÃO DA EXECUÇÃO DA ÁREA | F94: 0 | G94: 0 | H94: 0 dias | I94: 0 dias | J94: Ter 22/09/26 11:16 | K94: ND | L94: Ter 06/10/26 11:16 | M94: Ter 22/09/26 11:16 | N94: ND | O94: Ter 06/10/26 11:16 | P94: 0 | AI94: 0 | AJ94: 0 | AK94: 0 | AL94: 0 | AM94: 0 | AN94: 0 | AO94: 0
B95: 2 | C95: No Prazo | D95: Não | E95: CWA (ÁREA 13 - SETOR P/T) | F95: 0.1235 | G95: 0.1205 | H95: 63,33 dias | I95: 22,82 dias | J95: Seg 15/06/26 09:00 | K95: Seg 15/06/26 09:00 | L95: Seg 15/06/26 09:00 | M95: Qua 30/09/26 09:52 | N95: ND | O95: Qui 15/10/26 09:52 | P95: 332 | U95: 7.5 | V95: 15 | W95: 22.5 | X95: 30 | Y95: 30 | Z95: 30 | AA95: 35 | AB95: 41 | AC95: 41 | AD95: 44 | AE95: 44 | AF95: 115.67 | AG95: 191 | AH95: 221.72 | AI95: 306.27 | AJ95: 332 | AK95: 332 | AL95: 332 | AM95: 332 | AN95: 332 | AO95: 332
B96: 3 | C96: Tarefa futura | D96: Não | E96: CWP (ANDAIME) | F96: 0 | G96: 0 | H96: 0 dias | I96: 0 dias | J96: Seg 21/09/26 10:16 | K96: ND | L96: Seg 05/10/26 10:16 | M96: Seg 21/09/26 10:16 | N96: ND | O96: Seg 05/10/26 10:16 | P96: 0 | AI96: 0 | AJ96: 0 | AK96: 0 | AL96: 0 | AM96: 0 | AN96: 0 | AO96: 0
B97: 4 | C97: Tarefa futura | D97: Não | E97: IWP (MONTAGEM) | F97: 0 | G97: 0 | H97: 0 dias | I97: 0 dias | J97: Seg 21/09/26 10:16 | K97: ND | L97: Seg 05/10/26 10:16 | M97: Seg 21/09/26 10:16 | N97: ND | O97: Seg 05/10/26 10:16 | P97: 0 | AI97: 0 | AJ97: 0 | AK97: 0 | AL97: 0 | AM97: 0 | AN97: 0 | AO97: 0
B98: 3 | C98: No Prazo | D98: Não | E98: CWP (TUBULAÇÃO) | F98: 0.1806 | G98: 0.1762 | H98: 65,18 dias | I98: 14,11 dias | J98: Seg 15/06/26 09:00 | K98: Seg 15/06/26 09:00 | L98: Seg 15/06/26 09:00 | M98: Seg 21/09/26 10:46 | N98: ND | O98: Seg 05/10/26 10:46 | P98: 227 | U98: 7.5 | V98: 15 | W98: 22.5 | X98: 30 | Y98: 30 | Z98: 30 | AA98: 35 | AB98: 41 | AC98: 41 | AD98: 44 | AE98: 44 | AF98: 115.67 | AG98: 191 | AH98: 221.72 | AI98: 227 | AJ98: 227 | AK98: 227 | AL98: 227 | AM98: 227 | AN98: 227 | AO98: 227
B99: 4 | C99: Concluída | D99: Não | E99: IWP (FABRICAÇÃO) | F99: 1 | G99: 1 | H99: 40 dias | I99: 0 dias | J99: Seg 15/06/26 09:00 | K99: Seg 15/06/26 09:00 | L99: Seg 15/06/26 09:00 | M99: Sáb 25/07/26 16:00 | N99: ND | O99: Sex 07/08/26 16:00 | P99: 30 | U99: 7.5 | V99: 15 | W99: 22.5 | X99: 30 | Y99: 30 | Z99: 30 | AA99: 30 | AB99: 30 | AC99: 30 | AD99: 30 | AE99: 30 | AF99: 30 | AG99: 30 | AH99: 30 | AI99: 30 | AJ99: 30 | AK99: 30 | AL99: 30 | AM99: 30 | AN99: 30 | AO99: 30
B100: 4 | C100: Concluída | D100: Não | E100: IWP (SUPORTE - FABRICAÇÃO) | F100: 1 | G100: 1 | H100: 4 dias | I100: 0 dias | J100: Sex 31/07/26 10:00 | K100: Ter 04/08/26 09:00 | L100: Ter 04/08/26 09:00 | M100: Seg 03/08/26 15:00 | N100: Sex 07/08/26 16:00 | O100: Sex 07/08/26 16:00 | P100: 10 | AA100: 5 | AB100: 10 | AC100: 10 | AD100: 10 | AE100: 10 | AF100: 10 | AG100: 10 | AH100: 10 | AI100: 10 | AJ100: 10 | AK100: 10 | AL100: 10 | AM100: 10 | AN100: 10 | AO100: 10
B101: 4 | C101: Tarefa futura | D101: Não | E101: IWP (SUPORTE - MONTAGEM) | F101: 1 | G101: 0 | H101: 0 dias | I101: 1 dia | J101: Seg 03/08/26 15:00 | K101: ND | L101: Seg 10/08/26 09:00 | M101: Ter 04/08/26 15:00 | N101: ND | O101: Seg 10/08/26 16:00 | P101: 1 | AB101: 1 | AC101: 1 | AD101: 1 | AE101: 1 | AF101: 1 | AG101: 1 | AH101: 1 | AI101: 1 | AJ101: 1 | AK101: 1 | AL101: 1 | AM101: 1 | AN101: 1 | AO101: 1
...

Sheet TRABALHO TENDÊNCIA
B2: Nível da estrutura de tópicos | C2: Status | D2: Crítica | E2: Nome da Tarefa | F2: % LB Prevista | G2: % Real | H2: Duração real | I2: Duração restante | J2: Início LB | K2: Início Real | L2: Previsão de Início | M2: Término LB | N2: Término Real | O2: Previsão de Término | P2: Custo | Q2: ='TRABALHO DE LINHA DE BASE'!Q2 -> 46160 | R2: ='TRABALHO DE LINHA DE BASE'!R2 -> 46167 | S2: ='TRABALHO DE LINHA DE BASE'!S2 -> 46174 | T2: ='TRABALHO DE LINHA DE BASE'!T2 -> 46181 | U2: ='TRABALHO DE LINHA DE BASE'!U2 -> 46188 | V2: ='TRABALHO DE LINHA DE BASE'!V2 -> 46195 | W2: ='TRABALHO DE LINHA DE BASE'!W2 -> 46202 | X2: ='TRABALHO DE LINHA DE BASE'!X2 -> 46209 | ... AS2: ='TRABALHO DE LINHA DE BASE'!AS2 -> 46356
B3: 0 | C3: No Prazo | D3: Sim | E3: UNIPAR_PROJETO_SPCI+PLATAFORMA | F3: 0.3414 | G3: 0.0824 | H3: 58,91 dias | I3: 59,09 dias | J3: Qua 20/05/26 09:00 | K3: Qua 20/05/26 09:00 | L3: Qua 20/05/26 09:00 | M3: Qua 21/10/26 16:00 | N3: ND | O3: Qui 05/11/26 16:00 | P3: 10028.87 | T3: 185.46 | U3: 214.62 | V3: 243.77 | W3: 272.93 | X3: 342.09 | Y3: 386.94 | Z3: 713.31 | AA3: 713.31 | AB3: 778.31 | AC3: 2191.74 | AD3: 3459.09 | AE3: 4567.92 | AF3: 5359.73 | AG3: 5694.33 | AH3: 6421.56 | AI3: 6970.3 | AJ3: 7695.58 | AK3: 8116.14 | AL3: 8548.87 | AM3: 9171.87 | AN3: 9793.87 | AO3: 10028.87
B4: 1 | C4: Atrasada | D4: Não | E4: MARCOS CONTRATUAIS | F4: 0 | G4: 0 | H4: 0 dias | I4: 103,14 dias | J4: Qua 20/05/26 09:00 | K4: Qua 20/05/26 09:00 | L4: Qua 20/05/26 09:00 | M4: Qua 30/09/26 09:52 | N4: ND | O4: Qui 15/10/26 09:52 | P4: 0
B5: 2 | C5: Atrasada | D5: Não | E5: MARCOS CONTRATUAIS | F5: 0 | G5: 0 | H5: 0 dias | I5: 103,14 dias | J5: ND | K5: Qua 20/05/26 09:00 | L5: Qua 20/05/26 09:00 | M5: ND | N5: ND | O5: Qui 15/10/26 09:52 | P5: 0
B6: 3 | C6: Atrasada | D6: Não | E6: MARCOS CONTRATUAIS | F6: 0 | G6: 0 | H6: 0 dias | I6: 103,14 dias | J6: ND | K6: Qua 20/05/26 09:00 | L6: Qua 20/05/26 09:00 | M6: ND | N6: ND | O6: Qui 15/10/26 09:52 | P6: 0
B7: 4 | C7: Atrasada | D7: Não | E7: MARCOS CONTRATUAIS | F7: 0 | G7: 0 | H7: 0 dias | I7: 103,14 dias | J7: ND | K7: Qua 20/05/26 09:00 | L7: Qua 20/05/26 09:00 | M7: ND | N7: ND | O7: Qui 15/10/26 09:52 | P7: 0
B8: 1 | C8: No Prazo | D8: Não | E8: EXECUÇÃO - SPCI | F8: 0.4879 | G8: 0.1618 | H8: 54,51 dias | I8: 36,63 dias | J8: Seg 08/06/26 09:00 | K8: Seg 08/06/26 09:00 | L8: Seg 08/06/26 09:00 | M8: Qua 30/09/26 09:52 | N8: ND | O8: Qui 15/10/26 09:52 | P8: 5107.87 | T8: 185.46 | U8: 214.62 | V8: 243.77 | W8: 272.93 | X8: 342.09 | Y8: 386.94 | Z8: 713.31 | AA8: 713.31 | AB8: 778.31 | AC8: 1703.74 | AD8: 2527.09 | AE8: 3320.92 | AF8: 3859.73 | AG8: 4120.33 | AH8: 4426.56 | AI8: 4632.3 | AJ8: 4965.58 | AK8: 5082.14 | AL8: 5107.87 | AM8: 5107.87 | AN8: 5107.87 | AO8: 5107.87
B9: 2 | C9: No Prazo | D9: Não | E9: CWA (ÁREA 2 - SETOR X) | F9: 0.7234 | G9: 0.2216 | H9: 58,48 dias | I9: 22,82 dias | J9: Seg 08/06/26 09:00 | K9: Seg 08/06/26 09:00 | L9: Seg 08/06/26 09:00 | M9: Qua 16/09/26 10:46 | N9: ND | O9: Qua 30/09/26 10:46 | P9: 2695.9 | T9: 185.46 | U9: 196.72 | V9: 207.97 | W9: 219.23 | X9: 270.49 | Y9: 279.34 | Z9: 597.31 | AA9: 597.31 | AB9: 597.31 | AC9: 1359.9 | AD9: 1950.17 | AE9: 2319.25 | AF9: 2521.15 | AG9: 2540.35 | AH9: 2615.9 | AI9: 2657.06 | AJ9: 2695.9 | AK9: 2695.9 | AL9: 2695.9 | AM9: 2695.9 | AN9: 2695.9 | AO9: 2695.9
B10: 3 | C10: No Prazo | D10: Não | E10: CWP (ANDAIME) | F10: 0 | G10: 0 | H10: 0 dias | I10: 0 dias | J10: Sáb 25/07/26 16:00 | K10: ND | L10: Sex 07/08/26 16:00 | M10: Sáb 25/07/26 16:00 | N10: ND | O10: Sex 07/08/26 16:00 | P10: 0 | AB10: 0
B11: 4 | C11: No Prazo | D11: Não | E11: IWP (MONTAGEM) | F11: 0 | G11: 0 | H11: 0 dias | I11: 0 dias | J11: Sáb 25/07/26 16:00 | K11: ND | L11: Sex 07/08/26 16:00 | M11: Sáb 25/07/26 16:00 | N11: ND | O11: Sex 07/08/26 16:00 | P11: 0 | AB11: 0
B12: 3 | C12: No Prazo | D12: Não | E12: CWP (TUBULAÇÃO) | F12: 0.7153 | G12: 0.2556 | H12: 61,53 dias | I12: 18,1 dias | J12: Seg 08/06/26 09:00 | K12: Seg 08/06/26 09:00 | L12: Seg 08/06/26 09:00 | M12: Seg 14/09/26 13:46 | N12: ND | O12: Seg 28/09/26 13:46 | P12: 2337.3 | T12: 185.46 | U12: 196.72 | V12: 207.97 | W12: 219.23 | X12: 270.49 | Y12: 279.34 | Z12: 597.31 | AA12: 597.31 | AB12: 597.31 | AC12: 1220.9 | AD12: 1671.97 | AE12: 1980.65 | AF12: 2182.55 | AG12: 2201.75 | AH12: 2277.3 | AI12: 2318.46 | AJ12: 2337.3 | AK12: 2337.3 | AL12: 2337.3 | AM12: 2337.3 | AN12: 2337.3 | AO12: 2337.3
B13: 4 | C13: Concluída | D13: Não | E13: IWP (FABRICAÇÃO) | F13: 1 | G13: 1 | H13: 35 dias | I13: 0 dias | J13: Seg 08/06/26 09:00 | K13: Seg 08/06/26 09:00 | L13: Seg 08/06/26 09:00 | M13: Qua 29/07/26 11:00 | N13: Sáb 25/07/26 15:36 | O13: Sáb 25/07/26 15:36 | P13: 391.2 | T13: 185.46 | U13: 196.72 | V13: 207.97 | W13: 219.23 | X13: 230.49 | Y13: 239.34 | Z13: 391.2 | AA13: 391.2 | AB13: 391.2 | AC13: 391.2 | AD13: 391.2 | AE13: 391.2 | AF13: 391.2 | AG13: 391.2 | AH13: 391.2 | AI13: 391.2 | AJ13: 391.2 | AK13: 391.2 | AL13: 391.2 | AM13: 391.2 | AN13: 391.2 | AO13: 391.2
B14: 4 | C14: Concluída | D14: Não | E14: IWP (SUPORTE - FABRICAÇÃO) | F14: 1 | G14: 1 | H14: 10 dias | I14: 0 dias | J14: Seg 29/06/26 09:00 | K14: Seg 29/06/26 09:00 | L14: Seg 29/06/26 09:00 | M14: Sex 10/07/26 16:00 | N14: Sex 10/07/26 16:00 | O14: Sex 10/07/26 16:00 | P14: 40 | W14: 0 | X14: 40 | Y14: 40 | Z14: 40 | AA14: 40 | AB14: 40 | AC14: 40 | AD14: 40 | AE14: 40 | AF14: 40 | AG14: 40 | AH14: 40 | AI14: 40 | AJ14: 40 | AK14: 40 | AL14: 40 | AM14: 40 | AN14: 40 | AO14: 40
B15: 4 | C15: Tarefa futura | D15: Não | E15: IWP (SUPORTE - MONTAGEM) | F15: 1 | G15: 0 | H15: 0 dias | I15: 7,92 dias | J15: Seg 27/07/26 09:00 | K15: ND | L15: Seg 10/08/26 09:00 | M15: Qua 05/08/26 15:30 | N15: ND | O15: Qua 19/08/26 15:30 | P15: 95 | AC15: 60 | AD15: 95 | AE15: 95 | AF15: 95 | AG15: 95 | AH15: 95 | AI15: 95 | AJ15: 95 | AK15: 95 | AL15: 95 | AM15: 95 | AN15: 95 | AO15: 95
B16: 4 | C16: No Prazo | D16: Não | E16: IWP (MONTAGEM) | F16: 0.6525 | G16: 0.0954 | H16: 4,5 dias | I16: 38,77 dias | J16: Seg 20/07/26 09:00 | K16: Seg 20/07/26 09:00 | L16: Seg 20/07/26 09:00 | M16: Qui 03/09/26 10:37 | N16: ND | O16: Sex 18/09/26 10:37 | P16: 1742.1 | Z16: 166.11 | AA16: 166.11 | AB16: 166.11 | AC16: 720.7 | AD16: 1136.77 | AE16: 1445.45 | AF16: 1647.35 | AG16: 1666.55 | AH16: 1742.1 | AI16: 1742.1 | AJ16: 1742.1 | AK16: 1742.1 | AL16: 1742.1 | AM16: 1742.1 | AN16: 1742.1 | AO16: 1742.1
B17: 4 | C17: Tarefa futura | D17: Não | E17: IWP (CIVIL) | F17: 1 | G17: 0 | H17: 0 dias | I17: 1,5 dias | J17: Seg 03/08/26 15:00 | K17: ND | L17: Seg 10/08/26 09:00 | M17: Qua 05/08/26 11:00 | N17: ND | O17: Ter 11/08/26 12:00 | P17: 9 | AC17: 9 | AD17: 9 | AE17: 9 | AF17: 9 | AG17: 9 | AH17: 9 | AI17: 9 | AJ17: 9 | AK17: 9 | AL17: 9 | AM17: 9 | AN17: 9 | AO17: 9
B18: 4 | C18: Tarefa futura | D18: Não | E18: IWP (TIE-IN) | F18: 0 | G18: 0 | H18: 0 dias | I18: 1,67 dias | J18: Qui 10/09/26 15:46 | K18: ND | L18: Qui 24/09/26 15:46 | M18: Seg 14/09/26 13:46 | N18: ND | O18: Seg 28/09/26 13:46 | P18: 60 | AI18: 41.16 | AJ18: 60 | AK18: 60 | AL18: 60 | AM18: 60 | AN18: 60 | AO18: 60
B19: 3 | C19: Tarefa futura | D19: Não | E19: CWP (ELÉTRICA) | F19: 0.8216 | G19: 0 | H19: 0 dias | I19: 12,62 dias | J19: Seg 27/07/26 09:00 | K19: ND | L19: Seg 10/08/26 09:00 | M19: Qua 12/08/26 13:42 | N19: ND | O19: Qua 26/08/26 13:42 | P19: 338.6 | AC19: 139 | AD19: 278.2 | AE19: 338.6 | AF19: 338.6 | AG19: 338.6 | AH19: 338.6 | AI19: 338.6 | AJ19: 338.6 | AK19: 338.6 | AL19: 338.6 | AM19: 338.6 | AN19: 338.6 | AO19: 338.6
B20: 4 | C20: Tarefa futura | D20: Não | E20: IWP (INFRAESTRUTURA) FABRICAR DE SUPORTE | F20: 1 | G20: 0 | H20: 0 dias | I20: 1,67 dias | J20: Seg 27/07/26 09:00 | K20: ND | L20: Seg 10/08/26 09:00 | M20: Ter 28/07/26 14:00 | N20: ND | O20: Ter 11/08/26 14:00 | P20: 20 | AC20: 20 | AD20: 20 | AE20: 20 | AF20: 20 | AG20: 20 | AH20: 20 | AI20: 20 | AJ20: 20 | AK20: 20 | AL20: 20 | AM20: 20 | AN20: 20 | AO20: 20
B21: 4 | C21: Tarefa futura | D21: Não | E21: IWP (INFRAESTRUTURA) MONTAGEM DE SUPORTE | F21: 1 | G21: 0 | H21: 0 dias | I21: 1,67 dias | J21: Ter 28/07/26 14:00 | K21: ND | L21: Ter 11/08/26 14:00 | M21: Qui 30/07/26 11:00 | N21: ND | O21: Qui 13/08/26 11:00 | P21: 20 | AC21: 20 | AD21: 20 | AE21: 20 | AF21: 20 | AG21: 20 | AH21: 20 | AI21: 20 | AJ21: 20 | AK21: 20 | AL21: 20 | AM21: 20 | AN21: 20 | AO21: 20
B22: 4 | C22: Tarefa futura | D22: Não | E22: IWP (INFRAESTRUTURA) MONTAGEM DE ELETROCALHA | F22: 1 | G22: 0 | H22: 0 dias | I22: 7,95 dias | J22: Qua 29/07/26 09:00 | K22: ND | L22: Qua 12/08/26 09:00 | M22: Sex 07/08/26 15:42 | N22: ND | O22: Sex 21/08/26 15:42 | P22: 201.6 | AC22: 83 | AD22: 201.6 | AE22: 201.6 | AF22: 201.6 | AG22: 201.6 | AH22: 201.6 | AI22: 201.6 | AJ22: 201.6 | AK22: 201.6 | AL22: 201.6 | AM22: 201.6 | AN22: 201.6 | AO22: 201.6
B23: 4 | C23: Tarefa futura | D23: Não | E23: IWP (CABEAMENTO) | F23: 0.4486 | G23: 0 | H23: 0 dias | I23: 5,68 dias | J23: Seg 03/08/26 13:36 | K23: ND | L23: Seg 17/08/26 13:36 | M23: Ter 11/08/26 10:42 | N23: ND | O23: Ter 25/08/26 10:42 | P23: 37 | AD23: 16.6 | AE23: 37 | AF23: 37 | AG23: 37 | AH23: 37 | AI23: 37 | AJ23: 37 | AK23: 37 | AL23: 37 | AM23: 37 | AN23: 37 | AO23: 37
B24: 4 | C24: Tarefa futura | D24: Não | E24: IWP (INSTALAÇÃO DE MALHA) | F24: 0.3333 | G24: 0 | H24: 0 dias | I24: 10,62 dias | J24: Qua 29/07/26 09:00 | K24: ND | L24: Qua 12/08/26 09:00 | M24: Qua 12/08/26 13:42 | N24: ND | O24: Qua 26/08/26 13:42 | P24: 48 | AC24: 16 | AD24: 16 | AE24: 48 | AF24: 48 | AG24: 48 | AH24: 48 | AI24: 48 | AJ24: 48 | AK24: 48 | AL24: 48 | AM24: 48 | AN24: 48 | AO24: 48
B25: 4 | C25: Tarefa futura | D25: Não | E25: IWP (TESTE) | F25: 0.3333 | G25: 0 | H25: 0 dias | I25: 5,18 dias | J25: Ter 04/08/26 10:36 | K25: ND | L25: Ter 18/08/26 10:36 | M25: Ter 11/08/26 11:42 | N25: ND | O25: Ter 25/08/26 11:42 | P25: 6 | AD25: 2 | AE25: 6 | AF25: 6 | AG25: 6 | AH25: 6 | AI25: 6 | AJ25: 6 | AK25: 6 | AL25: 6 | AM25: 6 | AN25: 6 | AO25: 6
B26: 4 | C26: Tarefa futura | D26: Não | E26: IWP (LIGAÇÃO) | F26: 0.3333 | G26: 0 | H26: 0 dias | I26: 6,18 dias | J26: Ter 04/08/26 11:36 | K26: ND | L26: Ter 18/08/26 11:36 | M26: Qua 12/08/26 13:42 | N26: ND | O26: Qua 26/08/26 13:42 | P26: 6 | AD26: 2 | AE26: 6 | AF26: 6 | AG26: 6 | AH26: 6 | AI26: 6 | AJ26: 6 | AK26: 6 | AL26: 6 | AM26: 6 | AN26: 6 | AO26: 6
B27: 3 | C27: Tarefa futura | D27: Não | E27: CWP (TESTE HIDROSTÁTICO) | F27: 0 | G27: 0 | H27: 0 dias | I27: 1,67 dias | J27: Seg 14/09/26 13:46 | K27: ND | L27: Seg 28/09/26 13:46 | M27: Qua 16/09/26 10:46 | N27: ND | O27: Qua 30/09/26 10:46 | P27: 20 | AJ27: 20 | AK27: 20 | AL27: 20 | AM27: 20 | AN27: 20 | AO27: 20
B28: 4 | C28: Tarefa futura | D28: Não | E28: IWP (TESDE HIDROSTÁTICO) | F28: 0 | G28: 0 | H28: 0 dias | I28: 1,67 dias | J28: Seg 14/09/26 13:46 | K28: ND | L28: Seg 28/09/26 13:46 | M28: Qua 16/09/26 10:46 | N28: ND | O28: Qua 30/09/26 10:46 | P28: 20 | AJ28: 20 | AK28: 20 | AL28: 20 | AM28: 20 | AN28: 20 | AO28: 20
B29: 3 | C29: Tarefa futura | D29: Não | E29: CWP (ANDAIME) | F29: 0 | G29: 0 | H29: 0 dias | I29: 0 dias | J29: Qua 16/09/26 10:46 | K29: ND | L29: Qua 30/09/26 10:46 | M29: Qua 16/09/26 10:46 | N29: ND | O29: Qua 30/09/26 10:46 | P29: 0 | AJ29: 0
B30: 4 | C30: Tarefa futura | D30: Não | E30: IWP (DESMONTAGEM) | F30: 0 | G30: 0 | H30: 0 dias | I30: 0 dias | J30: Qua 16/09/26 10:46 | K30: ND | L30: Qua 30/09/26 10:46 | M30: Qua 16/09/26 10:46 | N30: ND | O30: Qua 30/09/26 10:46 | P30: 0 | AJ30: 0
B31: 3 | C31: Tarefa futura | D31: Não | E31: CONCLUSÃO DA EXECUÇÃO DA ÁREA | F31: 0 | G31: 0 | H31: 0 dias | I31: 0 dias | J31: Qua 16/09/26 10:46 | K31: ND | L31: Qua 30/09/26 10:46 | M31: Qua 16/09/26 10:46 | N31: ND | O31: Qua 30/09/26 10:46 | P31: 0
B32: 2 | C32: No Prazo | D32: Não | E32: CWA (ÁREA 3 - SETOR P/T) | F32: 0.3118 | G32: 0.1896 | H32: 48,27 dias | I32: 29,69 dias | J32: Seg 15/06/26 09:00 | K32: Seg 15/06/26 09:00 | L32: Seg 15/06/26 09:00 | M32: Qui 17/09/26 15:46 | N32: ND | O32: Qui 01/10/26 15:46 | P32: 838.6 | U32: 10.4 | V32: 20.8 | W32: 31.2 | X32: 41.6 | Y32: 77.6 | Z32: 86 | AA32: 86 | AB32: 111 | AC32: 158.2 | AD32: 261.49 | AE32: 528.03 | AF32: 721.6 | AG32: 778.6 | AH32: 778.6 | AI32: 778.6 | AJ32: 838.6 | AK32: 838.6 | AL32: 838.6 | AM32: 838.6 | AN32: 838.6 | AO32: 838.6
B33: 3 | C33: Tarefa futura | D33: Não | E33: CWP (ANDAIME) | F33: 0 | G33: 0 | H33: 0 dias | I33: 0 dias | J33: Qui 03/09/26 10:37 | K33: ND | L33: Sex 18/09/26 10:37 | M33: Qui 03/09/26 10:37 | N33: ND | O33: Sex 18/09/26 10:37 | P33: 0 | AH33: 0
B34: 4 | C34: Tarefa futura | D34: Não | E34: IWP (MONTAGEM) | F34: 0 | G34: 0 | H34: 0 dias | I34: 0 dias | J34: Qui 03/09/26 10:37 | K34: ND | L34: Sex 18/09/26 10:37 | M34: Qui 03/09/26 10:37 | N34: ND | O34: Sex 18/09/26 10:37 | P34: 0 | AH34: 0
B35: 3 | C35: No Prazo | D35: Não | E35: CWP (TUBULAÇÃO) | F35: 0.3512 | G35: 0.2135 | H35: 50,17 dias | I35: 26,13 dias | J35: Seg 15/06/26 09:00 | K35: Seg 15/06/26 09:00 | L35: Seg 15/06/26 09:00 | M35: Qua 16/09/26 10:46 | N35: ND | O35: Qua 30/09/26 10:46 | P35: 744.6 | U35: 10.4 | V35: 20.8 | W35: 31.2 | X35: 41.6 | Y35: 77.6 | Z35: 86 | AA35: 86 | AB35: 111 | AC35: 158.2 | AD35: 261.49 | AE35: 499.43 | AF35: 647.6 | AG35: 704.6 | AH35: 704.6 | AI35: 704.6 | AJ35: 744.6 | AK35: 744.6 | AL35: 744.6 | AM35: 744.6 | AN35: 744.6 | AO35: 744.6
B36: 4 | C36: No Prazo | D36: Não | E36: IWP (FABRICAÇÃO) | F36: 1 | G36: 0.6761 | H36: 39,1 dias | I36: 3,4 dias | J36: Seg 15/06/26 09:00 | K36: Seg 15/06/26 09:00 | L36: Seg 15/06/26 09:00 | M36: Qua 29/07/26 12:00 | N36: ND | O36: Qua 12/08/26 12:00 | P36: 127.2 | U36: 10.4 | V36: 20.8 | W36: 31.2 | X36: 41.6 | Y36: 77.6 | Z36: 86 | AA36: 86 | AB36: 86 | AC36: 127.2 | AD36: 127.2 | AE36: 127.2 | AF36: 127.2 | AG36: 127.2 | AH36: 127.2 | AI36: 127.2 | AJ36: 127.2 | AK36: 127.2 | AL36: 127.2 | AM36: 127.2 | AN36: 127.2 | AO36: 127.2
B37: 4 | C37: Concluída | D37: Não | E37: IWP (SUPORTE - FABRICAÇÃO) | F37: 1 | G37: 1 | H37: 4 dias | I37: 0 dias | J37: Seg 27/07/26 09:00 | K37: Ter 04/08/26 09:00 | L37: Ter 04/08/26 09:00 | M37: Sex 31/07/26 10:00 | N37: Sex 07/08/26 16:00 | O37: Sex 07/08/26 16:00 | P37: 25 | AB37: 25 | AC37: 25 | AD37: 25 | AE37: 25 | AF37: 25 | AG37: 25 | AH37: 25 | AI37: 25 | AJ37: 25 | AK37: 25 | AL37: 25 | AM37: 25 | AN37: 25 | AO37: 25
B38: 4 | C38: Tarefa futura | D38: Não | E38: IWP (SUPORTE - MONTAGEM) | F38: 0.5208 | G38: 1 | H38: 0 dias | I38: 4 dias | J38: Qua 05/08/26 15:30 | K38: ND | L38: Qua 19/08/26 15:30 | M38: Ter 11/08/26 15:30 | N38: ND | O38: Ter 25/08/26 15:30 | P38: 48 | AD38: 25 | AE38: 48 | AF38: 48 | AG38: 48 | AH38: 48 | AI38: 48 | AJ38: 48 | AK38: 48 | AL38: 48 | AM38: 48 | AN38: 48 | AO38: 48
B39: 4 | C39: Tarefa futura | D39: Não | E39: IWP (MONTAGEM) | F39: 0.1571 | G39: 0 | H39: 0 dias | I39: 17,03 dias | J39: Ter 04/08/26 09:48 | K39: ND | L39: Ter 18/08/26 09:48 | M39: Qui 27/08/26 10:00 | N39: ND | O39: Sex 11/09/26 10:00 | P39: 498.4 | AD39: 78.29 | AE39: 293.23 | AF39: 441.4 | AG39: 498.4 | AH39: 498.4 | AI39: 498.4 | AJ39: 498.4 | AK39: 498.4 | AL39: 498.4 | AM39: 498.4 | AN39: 498.4 | AO39: 498.4
B40: 4 | C40: Tarefa futura | D40: Não | E40: IWP (CIVIL) | F40: 1 | G40: 0 | H40: 0 dias | I40: 1 dia | J40: Qua 05/08/26 11:00 | K40: ND | L40: Ter 11/08/26 13:00 | M40: Qui 06/08/26 11:00 | N40: ND | O40: Qua 12/08/26 12:00 | P40: 6 | AC40: 6 | AD40: 6 | AE40: 6 | AF40: 6 | AG40: 6 | AH40: 6 | AI40: 6 | AJ40: 6 | AK40: 6 | AL40: 6 | AM40: 6 | AN40: 6 | AO40: 6
B41: 4 | C41: Tarefa futura | D41: Não | E41: IWP (TIE-IN) | F41: 0 | G41: 0 | H41: 0 dias | I41: 1,67 dias | J41: Seg 14/09/26 13:46 | K41: ND | L41: Seg 28/09/26 13:46 | M41: Qua 16/09/26 10:46 | N41: ND | O41: Qua 30/09/26 10:46 | P41: 40 | AJ41: 40 | AK41: 40 | AL41: 40 | AM41: 40 | AN41: 40 | AO41: 40
B42: 3 | C42: Tarefa futura | D42: Não | E42: CWP (ELÉTRICA) | F42: 0 | G42: 0 | H42: 0 dias | I42: 6 dias | J42: Qua 12/08/26 13:42 | K42: ND | L42: Qua 26/08/26 13:42 | M42: Qui 20/08/26 13:42 | N42: ND | O42: Qui 03/09/26 13:42 | P42: 74 | AE42: 28.6 | AF42: 74 | AG42: 74 | AH42: 74 | AI42: 74 | AJ42: 74 | AK42: 74 | AL42: 74 | AM42: 74 | AN42: 74 | AO42: 74
B43: 4 | C43: Tarefa futura | D43: Não | E43: IWP (CABEAMENTO) | F43: 0 | G43: 0 | H43: 0 dias | I43: 2,83 dias | J43: Qua 12/08/26 13:42 | K43: ND | L43: Qua 26/08/26 13:42 | M43: Seg 17/08/26 11:42 | N43: ND | O43: Seg 31/08/26 11:42 | P43: 34 | AE43: 28.6 | AF43: 34 | AG43: 34 | AH43: 34 | AI43: 34 | AJ43: 34 | AK43: 34 | AL43: 34 | AM43: 34 | AN43: 34 | AO43: 34
B44: 4 | C44: Tarefa futura | D44: Não | E44: IWP (INSTALAÇÃO DE MALHA) | F44: 0 | G44: 0 | H44: 0 dias | I44: 2,67 dias | J44: Seg 17/08/26 11:42 | K44: ND | L44: Seg 31/08/26 11:42 | M44: Qui 20/08/26 09:42 | N44: ND | O44: Qui 03/09/26 09:42 | P44: 32 | AF44: 32 | AG44: 32 | AH44: 32 | AI44: 32 | AJ44: 32 | AK44: 32 | AL44: 32 | AM44: 32 | AN44: 32 | AO44: 32
B45: 4 | C45: Tarefa futura | D45: Não | E45: IWP (TESTE) | F45: 0 | G45: 0 | H45: 0 dias | I45: 0,33 dias | J45: Qui 20/08/26 09:42 | K45: ND | L45: Qui 03/09/26 09:42 | M45: Qui 20/08/26 11:42 | N45: ND | O45: Qui 03/09/26 11:42 | P45: 4 | AF45: 4 | AG45: 4 | AH45: 4 | AI45: 4 | AJ45: 4 | AK45: 4 | AL45: 4 | AM45: 4 | AN45: 4 | AO45: 4
B46: 4 | C46: Tarefa futura | D46: Não | E46: IWP (LIGAÇÃO) | F46: 0 | G46: 0 | H46: 0 dias | I46: 0,33 dias | J46: Qui 20/08/26 10:42 | K46: ND | L46: Qui 03/09/26 10:42 | M46: Qui 20/08/26 13:42 | N46: ND | O46: Qui 03/09/26 13:42 | P46: 4 | AF46: 4 | AG46: 4 | AH46: 4 | AI46: 4 | AJ46: 4 | AK46: 4 | AL46: 4 | AM46: 4 | AN46: 4 | AO46: 4
B47: 3 | C47: Tarefa futura | D47: Não | E47: CWP (TESTE HIDROSTÁTICO) | F47: 0 | G47: 0 | H47: 0 dias | I47: 1,67 dias | J47: Qua 16/09/26 10:46 | K47: ND | L47: Qua 30/09/26 10:46 | M47: Qui 17/09/26 15:46 | N47: ND | O47: Qui 01/10/26 15:46 | P47: 20 | AJ47: 20 | AK47: 20 | AL47: 20 | AM47: 20 | AN47: 20 | AO47: 20
B48: 4 | C48: Tarefa futura | D48: Não | E48: IWP (TESDE HIDROSTÁTICO) | F48: 0 | G48: 0 | H48: 0 dias | I48: 1,67 dias | J48: Qua 16/09/26 10:46 | K48: ND | L48: Qua 30/09/26 10:46 | M48: Qui 17/09/26 15:46 | N48: ND | O48: Qui 01/10/26 15:46 | P48: 20 | AJ48: 20 | AK48: 20 | AL48: 20 | AM48: 20 | AN48: 20 | AO48: 20
B49: 3 | C49: Tarefa futura | D49: Não | E49: CWP (ANDAIME) | F49: 0 | G49: 0 | H49: 0 dias | I49: 0 dias | J49: Qui 17/09/26 15:46 | K49: ND | L49: Qui 01/10/26 15:46 | M49: Qui 17/09/26 15:46 | N49: ND | O49: Qui 01/10/26 15:46 | P49: 0 | AJ49: 0
B50: 4 | C50: Tarefa futura | D50: Não | E50: IWP (DESMONTAGEM) | F50: 0 | G50: 0 | H50: 0 dias | I50: 0 dias | J50: Qui 17/09/26 15:46 | K50: ND | L50: Qui 01/10/26 15:46 | M50: Qui 17/09/26 15:46 | N50: ND | O50: Qui 01/10/26 15:46 | P50: 0 | AJ50: 0
B51: 3 | C51: Tarefa futura | D51: Não | E51: CONCLUSÃO DA EXECUÇÃO DA ÁREA | F51: 0 | G51: 0 | H51: 0 dias | I51: 0 dias | J51: Qui 17/09/26 15:46 | K51: ND | L51: Qui 01/10/26 15:46 | M51: Qui 17/09/26 15:46 | N51: ND | O51: Qui 01/10/26 15:46 | P51: 0
B52: 2 | C52: No Prazo | D52: Não | E52: CWA (ÁREA 1 - SETOR CE) | F52: 0.2983 | G52: 0.0279 | H52: 1,81 dias | I52: 41,4 dias | J52: Qua 29/07/26 13:00 | K52: Ter 04/08/26 09:00 | L52: Ter 04/08/26 09:00 | M52: Seg 21/09/26 10:16 | N52: ND | O52: Seg 05/10/26 10:16 | P52: 716.7 | AB52: 20 | AC52: 114 | AD52: 213.8 | AE52: 335.8 | AF52: 432.8 | AG52: 565.2 | AH52: 634.2 | AI52: 634.2 | AJ52: 715.44 | AK52: 716.7 | AL52: 716.7 | AM52: 716.7 | AN52: 716.7 | AO52: 716.7
B53: 3 | C53: Tarefa futura | D53: Não | E53: CWP (ANDAIME) | F53: 0 | G53: 0 | H53: 0 dias | I53: 0 dias | J53: Qui 17/09/26 15:46 | K53: ND | L53: Qui 01/10/26 15:46 | M53: Qui 17/09/26 15:46 | N53: ND | O53: Qui 01/10/26 15:46 | P53: 0 | AJ53: 0
B54: 4 | C54: Tarefa futura | D54: Não | E54: IWP (MONTAGEM) | F54: 0 | G54: 0 | H54: 0 dias | I54: 0 dias | J54: Qui 17/09/26 15:46 | K54: ND | L54: Qui 01/10/26 15:46 | M54: Qui 17/09/26 15:46 | N54: ND | O54: Qui 01/10/26 15:46 | P54: 0 | AJ54: 0
B55: 3 | C55: No Prazo | D55: Não | E55: CWP (TUBULAÇÃO) | F55: 0.3431 | G55: 0.0321 | H55: 1,99 dias | I55: 39,14 dias | J55: Qua 29/07/26 13:00 | K55: Ter 04/08/26 09:00 | L55: Ter 04/08/26 09:00 | M55: Qui 17/09/26 09:46 | N55: ND | O55: Qui 01/10/26 09:46 | P55: 623.2 | AB55: 20 | AC55: 114 | AD55: 213.8 | AE55: 335.8 | AF55: 416.2 | AG55: 494.2 | AH55: 563.2 | AI55: 563.2 | AJ55: 623.2 | AK55: 623.2 | AL55: 623.2 | AM55: 623.2 | AN55: 623.2 | AO55: 623.2
B56: 4 | C56: Tarefa futura | D56: Não | E56: IWP (FABRICAÇÃO) | F56: 1 | G56: 0 | H56: 0 dias | I56: 4,17 dias | J56: Qua 29/07/26 13:00 | K56: ND | L56: Qua 12/08/26 13:00 | M56: Ter 04/08/26 14:00 | N56: ND | O56: Ter 18/08/26 14:00 | P56: 127.8 | AC56: 88 | AD56: 127.8 | AE56: 127.8 | AF56: 127.8 | AG56: 127.8 | AH56: 127.8 | AI56: 127.8 | AJ56: 127.8 | AK56: 127.8 | AL56: 127.8 | AM56: 127.8 | AN56: 127.8 | AO56: 127.8
B57: 4 | C57: Concluída | D57: Não | E57: IWP (SUPORTE - FABRICAÇÃO) | F57: 1 | G57: 1 | H57: 4 dias | I57: 0 dias | J57: Qua 29/07/26 13:00 | K57: Ter 04/08/26 09:00 | L57: Ter 04/08/26 09:00 | M57: Seg 03/08/26 15:00 | N57: Sex 07/08/26 16:00 | O57: Sex 07/08/26 16:00 | P57: 20 | AB57: 20 | AC57: 20 | AD57: 20 | AE57: 20 | AF57: 20 | AG57: 20 | AH57: 20 | AI57: 20 | AJ57: 20 | AK57: 20 | AL57: 20 | AM57: 20 | AN57: 20 | AO57: 20
B58: 4 | C58: Tarefa futura | D58: Não | E58: IWP (SUPORTE - MONTAGEM) | F58: 0 | G58: 0 | H58: 0 dias | I58: 2,67 dias | J58: Ter 11/08/26 15:30 | K58: ND | L58: Ter 25/08/26 15:30 | M58: Sex 14/08/26 13:30 | N58: ND | O58: Sex 28/08/26 13:30 | P58: 32 | AE58: 32 | AF58: 32 | AG58: 32 | AH58: 32 | AI58: 32 | AJ58: 32 | AK58: 32 | AL58: 32 | AM58: 32 | AN58: 32 | AO58: 32
B59: 4 | C59: Tarefa futura | D59: Não | E59: IWP (MONTAGEM) | F59: 0.159 | G59: 0 | H59: 0 dias | I59: 19,63 dias | J59: Ter 04/08/26 14:00 | K59: ND | L59: Ter 18/08/26 14:00 | M59: Ter 01/09/26 10:48 | N59: ND | O59: Qua 16/09/26 10:48 | P59: 377.4 | AD59: 60 | AE59: 150 | AF59: 230.4 | AG59: 308.4 | AH59: 377.4 | AI59: 377.4 | AJ59: 377.4 | AK59: 377.4 | AL59: 377.4 | AM59: 377.4 | AN59: 377.4 | AO59: 377.4
B60: 4 | C60: Tarefa futura | D60: Não | E60: IWP (CIVIL) | F60: 1 | G60: 0 | H60: 0 dias | I60: 1 dia | J60: Qui 06/08/26 11:00 | K60: ND | L60: Qua 12/08/26 13:00 | M60: Sex 07/08/26 11:00 | N60: ND | O60: Qui 13/08/26 12:00 | P60: 6 | AC60: 6 | AD60: 6 | AE60: 6 | AF60: 6 | AG60: 6 | AH60: 6 | AI60: 6 | AJ60: 6 | AK60: 6 | AL60: 6 | AM60: 6 | AN60: 6 | AO60: 6
B61: 4 | C61: Tarefa futura | D61: Não | E61: IWP (TIE-IN) | F61: 0 | G61: 0 | H61: 0 dias | I61: 1,67 dias | J61: Ter 15/09/26 11:46 | K61: ND | L61: Ter 29/09/26 11:46 | M61: Qui 17/09/26 09:46 | N61: ND | O61: Qui 01/10/26 09:46 | P61: 60 | AJ61: 60 | AK61: 60 | AL61: 60 | AM61: 60 | AN61: 60 | AO61: 60
B62: 3 | C62: Tarefa futura | D62: Não | E62: CWP (ELÉTRICA) | F62: 0 | G62: 0 | H62: 0 dias | I62: 4,33 dias | J62: Qui 20/08/26 13:42 | K62: ND | L62: Qui 03/09/26 13:42 | M62: Qua 26/08/26 15:42 | N62: ND | O62: Qui 10/09/26 15:42 | P62: 71 | AF62: 16.6 | AG62: 71 | AH62: 71 | AI62: 71 | AJ62: 71 | AK62: 71 | AL62: 71 | AM62: 71 | AN62: 71 | AO62: 71
B63: 4 | C63: Tarefa futura | D63: Não | E63: IWP (CABEAMENTO) | F63: 0 | G63: 0 | H63: 0 dias | I63: 2,58 dias | J63: Qui 20/08/26 13:42 | K63: ND | L63: Qui 03/09/26 13:42 | M63: Ter 25/08/26 10:12 | N63: ND | O63: Qua 09/09/26 10:12 | P63: 31 | AF63: 16.6 | AG63: 31 | AH63: 31 | AI63: 31 | AJ63: 31 | AK63: 31 | AL63: 31 | AM63: 31 | AN63: 31 | AO63: 31
B64: 4 | C64: Tarefa futura | D64: Não | E64: IWP (INSTALAÇÃO DE MALHA) | F64: 0 | G64: 0 | H64: 0 dias | I64: 2,67 dias | J64: Seg 24/08/26 09:42 | K64: ND | L64: Ter 08/09/26 09:42 | M64: Qua 26/08/26 14:42 | N64: ND | O64: Qui 10/09/26 14:42 | P64: 32 | AG64: 32 | AH64: 32 | AI64: 32 | AJ64: 32 | AK64: 32 | AL64: 32 | AM64: 32 | AN64: 32 | AO64: 32
B65: 4 | C65: Tarefa futura | D65: Não | E65: IWP (TESTE) | F65: 0 | G65: 0 | H65: 0 dias | I65: 1,25 dias | J65: Seg 24/08/26 09:42 | K65: ND | L65: Ter 08/09/26 09:42 | M65: Ter 25/08/26 11:12 | N65: ND | O65: Qua 09/09/26 11:12 | P65: 4 | AG65: 4 | AH65: 4 | AI65: 4 | AJ65: 4 | AK65: 4 | AL65: 4 | AM65: 4 | AN65: 4 | AO65: 4
B66: 4 | C66: Tarefa futura | D66: Não | E66: IWP (LIGAÇÃO) | F66: 0 | G66: 0 | H66: 0 dias | I66: 1,5 dias | J66: Ter 25/08/26 11:42 | K66: ND | L66: Qua 09/09/26 11:42 | M66: Qua 26/08/26 15:42 | N66: ND | O66: Qui 10/09/26 15:42 | P66: 4 | AG66: 4 | AH66: 4 | AI66: 4 | AJ66: 4 | AK66: 4 | AL66: 4 | AM66: 4 | AN66: 4 | AO66: 4
B67: 3 | C67: Tarefa futura | D67: Não | E67: CWP (TESTE HIDROSTÁTICO) | F67: 0 | G67: 0 | H67: 0 dias | I67: 2,08 dias | J67: Qui 17/09/26 09:46 | K67: ND | L67: Qui 01/10/26 09:46 | M67: Seg 21/09/26 10:16 | N67: ND | O67: Seg 05/10/26 10:16 | P67: 22.5 | AJ67: 21.24 | AK67: 22.5 | AL67: 22.5 | AM67: 22.5 | AN67: 22.5 | AO67: 22.5
B68: 4 | C68: Tarefa futura | D68: Não | E68: IWP (TESDE HIDROSTÁTICO) | F68: 0 | G68: 0 | H68: 0 dias | I68: 2,08 dias | J68: Qui 17/09/26 09:46 | K68: ND | L68: Qui 01/10/26 09:46 | M68: Seg 21/09/26 10:16 | N68: ND | O68: Seg 05/10/26 10:16 | P68: 22.5 | AJ68: 21.24 | AK68: 22.5 | AL68: 22.5 | AM68: 22.5 | AN68: 22.5 | AO68: 22.5
B69: 3 | C69: Tarefa futura | D69: Não | E69: CWP (ANDAIME) | F69: 0 | G69: 0 | H69: 0 dias | I69: 0 dias | J69: Seg 21/09/26 10:16 | K69: ND | L69: Seg 05/10/26 10:16 | M69: Seg 21/09/26 10:16 | N69: ND | O69: Seg 05/10/26 10:16 | P69: 0 | AK69: 0
B70: 4 | C70: Tarefa futura | D70: Não | E70: IWP (DESMONTAGEM) | F70: 0 | G70: 0 | H70: 0 dias | I70: 0 dias | J70: Seg 21/09/26 10:16 | K70: ND | L70: Seg 05/10/26 10:16 | M70: Seg 21/09/26 10:16 | N70: ND | O70: Seg 05/10/26 10:16 | P70: 0 | AK70: 0
B71: 3 | C71: Tarefa futura | D71: Não | E71: CONCLUSÃO DA EXECUÇÃO DA ÁREA | F71: 0 | G71: 0 | H71: 0 dias | I71: 0 dias | J71: Seg 21/09/26 10:16 | K71: ND | L71: Seg 05/10/26 10:16 | M71: Seg 21/09/26 10:16 | N71: ND | O71: Seg 05/10/26 10:16 | P71: 0
B72: 2 | C72: No Prazo | D72: Não | E72: CWA (ÁREA 6 - SETOR E) | F72: 0.0489 | G72: 0.0191 | H72: 1,85 dias | I72: 42,54 dias | J72: Qua 29/07/26 13:00 | K72: Ter 04/08/26 09:00 | L72: Ter 04/08/26 09:00 | M72: Ter 22/09/26 11:22 | N72: ND | O72: Ter 06/10/26 11:22 | P72: 524.67 | AB72: 10 | AC72: 30.64 | AD72: 60.64 | AE72: 93.84 | AF72: 140.18 | AG72: 192.18 | AH72: 311.44 | AI72: 371.44 | AJ72: 493.92 | AK72: 524.67 | AL72: 524.67 | AM72: 524.67 | AN72: 524.67 | AO72: 524.67
B73: 3 | C73: Tarefa futura | D73: Não | E73: CWP (ANDAIME) | F73: 0 | G73: 0 | H73: 0 dias | I73: 0 dias | J73: Seg 21/09/26 10:16 | K73: ND | L73: Seg 05/10/26 10:16 | M73: Seg 21/09/26 10:16 | N73: ND | O73: Seg 05/10/26 10:16 | P73: 0 | AK73: 0
B74: 4 | C74: Tarefa futura | D74: Não | E74: IWP (MONTAGEM) | F74: 0 | G74: 0 | H74: 0 dias | I74: 0 dias | J74: Seg 21/09/26 10:16 | K74: ND | L74: Seg 05/10/26 10:16 | M74: Seg 21/09/26 10:16 | N74: ND | O74: Seg 05/10/26 10:16 | P74: 0 | AK74: 0
B75: 3 | C75: No Prazo | D75: Não | E75: CWP (TUBULAÇÃO) | F75: 0.0876 | G75: 0.0341 | H75: 2,61 dias | I75: 39,68 dias | J75: Qua 29/07/26 13:00 | K75: Ter 04/08/26 09:00 | L75: Ter 04/08/26 09:00 | M75: Sex 18/09/26 10:46 | N75: ND | O75: Sex 02/10/26 10:46 | P75: 292.84 | AB75: 10 | AC75: 30.64 | AD75: 60.64 | AE75: 93.84 | AF75: 140.18 | AG75: 179.58 | AH75: 238.84 | AI75: 238.84 | AJ75: 292.84 | AK75: 292.84 | AL75: 292.84 | AM75: 292.84 | AN75: 292.84 | AO75: 292.84
B76: 4 | C76: Tarefa futura | D76: Não | E76: IWP (FABRICAÇÃO) | F76: 1 | G76: 0 | H76: 0 dias | I76: 1,67 dias | J76: Qua 29/07/26 13:00 | K76: ND | L76: Qua 12/08/26 13:00 | M76: Sex 31/07/26 10:00 | N76: ND | O76: Sex 14/08/26 10:00 | P76: 11.64 | AC76: 11.64 | AD76: 11.64 | AE76: 11.64 | AF76: 11.64 | AG76: 11.64 | AH76: 11.64 | AI76: 11.64 | AJ76: 11.64 | AK76: 11.64 | AL76: 11.64 | AM76: 11.64 | AN76: 11.64 | AO76: 11.64
B77: 4 | C77: Concluída | D77: Não | E77: IWP (SUPORTE - FABRICAÇÃO) | F77: 1 | G77: 1 | H77: 4 dias | I77: 0 dias | J77: Qua 29/07/26 13:00 | K77: Ter 04/08/26 09:00 | L77: Ter 04/08/26 09:00 | M77: Sex 31/07/26 10:00 | N77: Sex 07/08/26 16:00 | O77: Sex 07/08/26 16:00 | P77: 10 | AB77: 10 | AC77: 10 | AD77: 10 | AE77: 10 | AF77: 10 | AG77: 10 | AH77: 10 | AI77: 10 | AJ77: 10 | AK77: 10 | AL77: 10 | AM77: 10 | AN77: 10 | AO77: 10
B78: 4 | C78: Tarefa futura | D78: Não | E78: IWP (SUPORTE - MONTAGEM) | F78: 0 | G78: 0 | H78: 0 dias | I78: 0,25 dias | J78: Sex 14/08/26 13:30 | K78: ND | L78: Sex 28/08/26 13:30 | M78: Sex 14/08/26 15:00 | N78: ND | O78: Sex 28/08/26 15:00 | P78: 3 | AE78: 3 | AF78: 3 | AG78: 3 | AH78: 3 | AI78: 3 | AJ78: 3 | AK78: 3 | AL78: 3 | AM78: 3 | AN78: 3 | AO78: 3
B79: 4 | C79: Tarefa futura | D79: Não | E79: IWP (CIVIL) | F79: 0.0404 | G79: 0 | H79: 0 dias | I79: 16,5 dias | J79: Sex 07/08/26 11:00 | K79: ND | L79: Qui 13/08/26 13:00 | M79: Seg 31/08/26 15:00 | N79: ND | O79: Sex 04/09/26 16:00 | P79: 99 | AC79: 9 | AD79: 39 | AE79: 69 | AF79: 99 | AG79: 99 | AH79: 99 | AI79: 99 | AJ79: 99 | AK79: 99 | AL79: 99 | AM79: 99 | AN79: 99 | AO79: 99
B80: 4 | C80: Tarefa futura | D80: Não | E80: IWP (MONTAGEM) | F80: 0 | G80: 0 | H80: 0 dias | I80: 13,13 dias | J80: Sex 14/08/26 15:00 | K80: ND | L80: Sex 28/08/26 15:00 | M80: Qua 02/09/26 15:46 | N80: ND | O80: Qui 17/09/26 15:46 | P80: 115.2 | AE80: 0.2 | AF80: 16.54 | AG80: 55.94 | AH80: 115.2 | AI80: 115.2 | AJ80: 115.2 | AK80: 115.2 | AL80: 115.2 | AM80: 115.2 | AN80: 115.2 | AO80: 115.2
B81: 4 | C81: Tarefa futura | D81: Não | E81: IWP (TIE-IN) | F81: 0 | G81: 0 | H81: 0 dias | I81: 2 dias | J81: Qua 16/09/26 10:46 | K81: ND | L81: Qua 30/09/26 10:46 | M81: Sex 18/09/26 10:46 | N81: ND | O81: Sex 02/10/26 10:46 | P81: 54 | AJ81: 54 | AK81: 54 | AL81: 54 | AM81: 54 | AN81: 54 | AO81: 54
B82: 3 | C82: Tarefa futura | D82: Não | E82: CWP (ELÉTRICA) | F82: 0 | G82: 0 | H82: 0 dias | I82: 17,44 dias | J82: Qua 26/08/26 15:42 | K82: ND | L82: Qui 10/09/26 15:42 | M82: Ter 22/09/26 11:22 | N82: ND | O82: Ter 06/10/26 11:22 | P82: 209.33 | AG82: 12.6 | AH82: 72.6 | AI82: 132.6 | AJ82: 192.6 | AK82: 209.33 | AL82: 209.33 | AM82: 209.33 | AN82: 209.33 | AO82: 209.33
B83: 4 | C83: Tarefa futura | D83: Não | E83: IWP (INFRAESTRUTURA) FABRICAR SUPORTE | F83: 0 | G83: 0 | H83: 0 dias | I83: 1,67 dias | J83: Qua 26/08/26 15:42 | K83: ND | L83: Qui 10/09/26 15:42 | M83: Sex 28/08/26 13:42 | N83: ND | O83: Seg 14/09/26 13:42 | P83: 20 | AG83: 12.6 | AH83: 20 | AI83: 20 | AJ83: 20 | AK83: 20 | AL83: 20 | AM83: 20 | AN83: 20 | AO83: 20
B84: 4 | C84: Tarefa futura | D84: Não | E84: IWP (INFRAESTRUTURA) MONTAR SUPORTE | F84: 0 | G84: 0 | H84: 0 dias | I84: 1,67 dias | J84: Sex 28/08/26 13:42 | K84: ND | L84: Seg 14/09/26 13:42 | M84: Ter 01/09/26 10:42 | N84: ND | O84: Qua 16/09/26 10:42 | P84: 20 | AH84: 20 | AI84: 20 | AJ84: 20 | AK84: 20 | AL84: 20 | AM84: 20 | AN84: 20 | AO84: 20
B85: 4 | C85: Tarefa futura | D85: Não | E85: IWP (INFRAESTRUTURA) MONTAR ELETROCALHA | F85: 0 | G85: 0 | H85: 0 dias | I85: 10 dias | J85: Ter 01/09/26 10:42 | K85: ND | L85: Qua 16/09/26 10:42 | M85: Qua 16/09/26 10:42 | N85: ND | O85: Qua 30/09/26 10:42 | P85: 120 | AH85: 32.6 | AI85: 92.6 | AJ85: 120 | AK85: 120 | AL85: 120 | AM85: 120 | AN85: 120 | AO85: 120
B86: 4 | C86: Tarefa futura | D86: Não | E86: IWP (CABEAMENTO) | F86: 0 | G86: 0 | H86: 0 dias | I86: 2,5 dias | J86: Qua 16/09/26 10:42 | K86: ND | L86: Qua 30/09/26 10:42 | M86: Sex 18/09/26 14:42 | N86: ND | O86: Sex 02/10/26 14:42 | P86: 30 | AJ86: 30 | AK86: 30 | AL86: 30 | AM86: 30 | AN86: 30 | AO86: 30
B87: 4 | C87: Tarefa futura | D87: Não | E87: IWP (INSTALAÇÃO DE MALHA) | F87: 0 | G87: 0 | H87: 0 dias | I87: 1,28 dias | J87: Sex 18/09/26 14:42 | K87: ND | L87: Sex 02/10/26 14:42 | M87: Ter 22/09/26 09:22 | N87: ND | O87: Ter 06/10/26 09:22 | P87: 15.33 | AJ87: 2.6 | AK87: 15.33 | AL87: 15.33 | AM87: 15.33 | AN87: 15.33 | AO87: 15.33
B88: 4 | C88: Tarefa futura | D88: Não | E88: IWP (TESTE) | F88: 0 | G88: 0 | H88: 0 dias | I88: 0,17 dias | J88: Ter 22/09/26 09:22 | K88: ND | L88: Ter 06/10/26 09:22 | M88: Ter 22/09/26 10:22 | N88: ND | O88: Ter 06/10/26 10:22 | P88: 2 | AK88: 2 | AL88: 2 | AM88: 2 | AN88: 2 | AO88: 2
B89: 4 | C89: Tarefa futura | D89: Não | E89: IWP (LIGAÇÃO) | F89: 0 | G89: 0 | H89: 0 dias | I89: 0,17 dias | J89: Ter 22/09/26 10:22 | K89: ND | L89: Ter 06/10/26 10:22 | M89: Ter 22/09/26 11:22 | N89: ND | O89: Ter 06/10/26 11:22 | P89: 2 | AK89: 2 | AL89: 2 | AM89: 2 | AN89: 2 | AO89: 2
B90: 3 | C90: Tarefa futura | D90: Não | E90: CWP (TESTE HIDROSTÁTICO) | F90: 0 | G90: 0 | H90: 0 dias | I90: 2,08 dias | J90: Sex 18/09/26 10:46 | K90: ND | L90: Sex 02/10/26 10:46 | M90: Ter 22/09/26 11:16 | N90: ND | O90: Ter 06/10/26 11:16 | P90: 22.5 | AJ90: 8.48 | AK90: 22.5 | AL90: 22.5 | AM90: 22.5 | AN90: 22.5 | AO90: 22.5
B91: 4 | C91: Tarefa futura | D91: Não | E91: IWP (TESDE HIDROSTÁTICO) | F91: 0 | G91: 0 | H91: 0 dias | I91: 2,08 dias | J91: Sex 18/09/26 10:46 | K91: ND | L91: Sex 02/10/26 10:46 | M91: Ter 22/09/26 11:16 | N91: ND | O91: Ter 06/10/26 11:16 | P91: 22.5 | AJ91: 8.48 | AK91: 22.5 | AL91: 22.5 | AM91: 22.5 | AN91: 22.5 | AO91: 22.5
B92: 3 | C92: Tarefa futura | D92: Não | E92: CWP (ANDAIME) | F92: 0 | G92: 0 | H92: 0 dias | I92: 0 dias | J92: Ter 22/09/26 11:16 | K92: ND | L92: Ter 06/10/26 11:16 | M92: Ter 22/09/26 11:16 | N92: ND | O92: Ter 06/10/26 11:16 | P92: 0 | AK92: 0
B93: 4 | C93: Tarefa futura | D93: Não | E93: IWP (DESMONTAGEM) | F93: 0 | G93: 0 | H93: 0 dias | I93: 0 dias | J93: Ter 22/09/26 11:16 | K93: ND | L93: Ter 06/10/26 11:16 | M93: Ter 22/09/26 11:16 | N93: ND | O93: Ter 06/10/26 11:16 | P93: 0 | AK93: 0
B94: 3 | C94: Tarefa futura | D94: Não | E94: CONCLUSÃO DA EXECUÇÃO DA ÁREA | F94: 0 | G94: 0 | H94: 0 dias | I94: 0 dias | J94: Ter 22/09/26 11:16 | K94: ND | L94: Ter 06/10/26 11:16 | M94: Ter 22/09/26 11:16 | N94: ND | O94: Ter 06/10/26 11:16 | P94: 0
B95: 2 | C95: No Prazo | D95: Não | E95: CWA (ÁREA 13 - SETOR P/T) | F95: 0.1235 | G95: 0.1205 | H95: 63,33 dias | I95: 22,82 dias | J95: Seg 15/06/26 09:00 | K95: Seg 15/06/26 09:00 | L95: Seg 15/06/26 09:00 | M95: Qua 30/09/26 09:52 | N95: ND | O95: Qui 15/10/26 09:52 | P95: 332 | U95: 7.5 | V95: 15 | W95: 22.5 | X95: 30 | Y95: 30 | Z95: 30 | AA95: 30 | AB95: 40 | AC95: 41 | AD95: 41 | AE95: 44 | AF95: 44 | AG95: 44 | AH95: 86.42 | AI95: 191 | AJ95: 221.72 | AK95: 306.27 | AL95: 332 | AM95: 332 | AN95: 332 | AO95: 332
B96: 3 | C96: Tarefa futura | D96: Não | E96: CWP (ANDAIME) | F96: 0 | G96: 0 | H96: 0 dias | I96: 0 dias | J96: Seg 21/09/26 10:16 | K96: ND | L96: Seg 05/10/26 10:16 | M96: Seg 21/09/26 10:16 | N96: ND | O96: Seg 05/10/26 10:16 | P96: 0 | AK96: 0
B97: 4 | C97: Tarefa futura | D97: Não | E97: IWP (MONTAGEM) | F97: 0 | G97: 0 | H97: 0 dias | I97: 0 dias | J97: Seg 21/09/26 10:16 | K97: ND | L97: Seg 05/10/26 10:16 | M97: Seg 21/09/26 10:16 | N97: ND | O97: Seg 05/10/26 10:16 | P97: 0 | AK97: 0
B98: 3 | C98: No Prazo | D98: Não | E98: CWP (TUBULAÇÃO) | F98: 0.1806 | G98: 0.1762 | H98: 65,18 dias | I98: 14,11 dias | J98: Seg 15/06/26 09:00 | K98: Seg 15/06/26 09:00 | L98: Seg 15/06/26 09:00 | M98: Seg 21/09/26 10:46 | N98: ND | O98: Seg 05/10/26 10:46 | P98: 227 | U98: 7.5 | V98: 15 | W98: 22.5 | X98: 30 | Y98: 30 | Z98: 30 | AA98: 30 | AB98: 40 | AC98: 41 | AD98: 41 | AE98: 44 | AF98: 44 | AG98: 44 | AH98: 86.42 | AI98: 191 | AJ98: 221.72 | AK98: 227 | AL98: 227 | AM98: 227 | AN98: 227 | AO98: 227
B99: 4 | C99: Concluída | D99: Não | E99: IWP (FABRICAÇÃO) | F99: 1 | G99: 1 | H99: 40 dias | I99: 0 dias | J99: Seg 15/06/26 09:00 | K99: Seg 15/06/26 09:00 | L99: Seg 15/06/26 09:00 | M99: Sáb 25/07/26 16:00 | N99: ND | O99: Sex 07/08/26 16:00 | P99: 30 | U99: 7.5 | V99: 15 | W99: 22.5 | X99: 30 | Y99: 30 | Z99: 30 | AA99: 30 | AB99: 30 | AC99: 30 | AD99: 30 | AE99: 30 | AF99: 30 | AG99: 30 | AH99: 30 | AI99: 30 | AJ99: 30 | AK99: 30 | AL99: 30 | AM99: 30 | AN99: 30 | AO99: 30
B100: 4 | C100: Concluída | D100: Não | E100: IWP (SUPORTE - FABRICAÇÃO) | F100: 1 | G100: 1 | H100: 4 dias | I100: 0 dias | J100: Sex 31/07/26 10:00 | K100: Ter 04/08/26 09:00 | L100: Ter 04/08/26 09:00 | M100: Seg 03/08/26 15:00 | N100: Sex 07/08/26 16:00 | O100: Sex 07/08/26 16:00 | P100: 10 | AB100: 10 | AC100: 10 | AD100: 10 | AE100: 10 | AF100: 10 | AG100: 10 | AH100: 10 | AI100: 10 | AJ100: 10 | AK100: 10 | AL100: 10 | AM100: 10 | AN100: 10 | AO100: 10
B101: 4 | C101: Tarefa futura | D101: Não | E101: IWP (SUPORTE - MONTAGEM) | F101: 1 | G101: 0 | H101: 0 dias | I101: 1 dia | J101: Seg 03/08/26 15:00 | K101: ND | L101: Seg 10/08/26 09:00 | M101: Ter 04/08/26 15:00 | N101: ND | O101: Seg 10/08/26 16:00 | P101: 1 | AC101: 1 | AD101: 1 | AE101: 1 | AF101: 1 | AG101: 1 | AH101: 1 | AI101: 1 | AJ101: 1 | AK101: 1 | AL101: 1 | AM101: 1 | AN101: 1 | AO101: 1
...

Sheet TRABALHO REAL
B2: Nível da estrutura de tópicos | C2: Status | D2: Crítica | E2: Nome da Tarefa | F2: % LB Prevista | G2: % Real | H2: Duração real | I2: Duração restante | J2: Início LB | K2: Início Real | L2: Previsão de Início | M2: Término LB | N2: Término Real | O2: Previsão de Término | P2: Custo | Q2: ='TRABALHO TENDÊNCIA'!Q2 -> 46160 | R2: ='TRABALHO TENDÊNCIA'!R2 -> 46167 | S2: ='TRABALHO TENDÊNCIA'!S2 -> 46174 | T2: ='TRABALHO TENDÊNCIA'!T2 -> 46181 | U2: ='TRABALHO TENDÊNCIA'!U2 -> 46188 | V2: ='TRABALHO TENDÊNCIA'!V2 -> 46195 | W2: ='TRABALHO TENDÊNCIA'!W2 -> 46202 | X2: ='TRABALHO TENDÊNCIA'!X2 -> 46209 | ... AR2: ='TRABALHO TENDÊNCIA'!AR2 -> 46349
B3: 0 | C3: No Prazo | D3: Sim | E3: UNIPAR_PROJETO_SPCI+PLATAFORMA | F3: 0.3414 | G3: 0.0824 | H3: 58,91 dias | I3: 59,09 dias | J3: Qua 20/05/26 09:00 | K3: Qua 20/05/26 09:00 | L3: Qua 20/05/26 09:00 | M3: Qua 21/10/26 16:00 | N3: ND | O3: Qui 05/11/26 16:00 | P3: 10028.87 | T3: 185.46 | U3: 214.62 | V3: 243.77 | W3: 272.93 | X3: 342.09 | Y3: 386.94 | Z3: 713.31 | AA3: 713.31 | AB3: 778.31 | AC3: 778.31 | AD3: 778.31 | AE3: 778.31 | AF3: 778.31 | AG3: 778.31 | AH3: 778.31 | AI3: 778.31 | AJ3: 778.31 | AK3: 778.31 | AL3: 778.31 | AM3: 778.31 | AN3: 778.31 | AO3: 778.31
B4: 1 | C4: Atrasada | D4: Não | E4: MARCOS CONTRATUAIS | F4: 0 | G4: 0 | H4: 0 dias | I4: 103,14 dias | J4: Qua 20/05/26 09:00 | K4: Qua 20/05/26 09:00 | L4: Qua 20/05/26 09:00 | M4: Qua 30/09/26 09:52 | N4: ND | O4: Qui 15/10/26 09:52 | P4: 0
B5: 2 | C5: Atrasada | D5: Não | E5: MARCOS CONTRATUAIS | F5: 0 | G5: 0 | H5: 0 dias | I5: 103,14 dias | J5: ND | K5: Qua 20/05/26 09:00 | L5: Qua 20/05/26 09:00 | M5: ND | N5: ND | O5: Qui 15/10/26 09:52 | P5: 0
B6: 3 | C6: Atrasada | D6: Não | E6: MARCOS CONTRATUAIS | F6: 0 | G6: 0 | H6: 0 dias | I6: 103,14 dias | J6: ND | K6: Qua 20/05/26 09:00 | L6: Qua 20/05/26 09:00 | M6: ND | N6: ND | O6: Qui 15/10/26 09:52 | P6: 0
B7: 4 | C7: Atrasada | D7: Não | E7: MARCOS CONTRATUAIS | F7: 0 | G7: 0 | H7: 0 dias | I7: 103,14 dias | J7: ND | K7: Qua 20/05/26 09:00 | L7: Qua 20/05/26 09:00 | M7: ND | N7: ND | O7: Qui 15/10/26 09:52 | P7: 0
B8: 1 | C8: No Prazo | D8: Não | E8: EXECUÇÃO - SPCI | F8: 0.4879 | G8: 0.1618 | H8: 54,51 dias | I8: 36,63 dias | J8: Seg 08/06/26 09:00 | K8: Seg 08/06/26 09:00 | L8: Seg 08/06/26 09:00 | M8: Qua 30/09/26 09:52 | N8: ND | O8: Qui 15/10/26 09:52 | P8: 5107.87 | T8: 185.46 | U8: 214.62 | V8: 243.77 | W8: 272.93 | X8: 342.09 | Y8: 386.94 | Z8: 713.31 | AA8: 713.31 | AB8: 778.31 | AC8: 778.31 | AD8: 778.31 | AE8: 778.31 | AF8: 778.31 | AG8: 778.31 | AH8: 778.31 | AI8: 778.31 | AJ8: 778.31 | AK8: 778.31 | AL8: 778.31 | AM8: 778.31 | AN8: 778.31 | AO8: 778.31
B9: 2 | C9: No Prazo | D9: Não | E9: CWA (ÁREA 2 - SETOR X) | F9: 0.7234 | G9: 0.2216 | H9: 58,48 dias | I9: 22,82 dias | J9: Seg 08/06/26 09:00 | K9: Seg 08/06/26 09:00 | L9: Seg 08/06/26 09:00 | M9: Qua 16/09/26 10:46 | N9: ND | O9: Qua 30/09/26 10:46 | P9: 2695.9 | T9: 185.46 | U9: 196.72 | V9: 207.97 | W9: 219.23 | X9: 270.49 | Y9: 279.34 | Z9: 597.31 | AA9: 597.31 | AB9: 597.31 | AC9: 597.31 | AD9: 597.31 | AE9: 597.31 | AF9: 597.31 | AG9: 597.31 | AH9: 597.31 | AI9: 597.31 | AJ9: 597.31 | AK9: 597.31 | AL9: 597.31 | AM9: 597.31 | AN9: 597.31 | AO9: 597.31
B10: 3 | C10: No Prazo | D10: Não | E10: CWP (ANDAIME) | F10: 0 | G10: 0 | H10: 0 dias | I10: 0 dias | J10: Sáb 25/07/26 16:00 | K10: ND | L10: Sex 07/08/26 16:00 | M10: Sáb 25/07/26 16:00 | N10: ND | O10: Sex 07/08/26 16:00 | P10: 0
B11: 4 | C11: No Prazo | D11: Não | E11: IWP (MONTAGEM) | F11: 0 | G11: 0 | H11: 0 dias | I11: 0 dias | J11: Sáb 25/07/26 16:00 | K11: ND | L11: Sex 07/08/26 16:00 | M11: Sáb 25/07/26 16:00 | N11: ND | O11: Sex 07/08/26 16:00 | P11: 0
B12: 3 | C12: No Prazo | D12: Não | E12: CWP (TUBULAÇÃO) | F12: 0.7153 | G12: 0.2556 | H12: 61,53 dias | I12: 18,1 dias | J12: Seg 08/06/26 09:00 | K12: Seg 08/06/26 09:00 | L12: Seg 08/06/26 09:00 | M12: Seg 14/09/26 13:46 | N12: ND | O12: Seg 28/09/26 13:46 | P12: 2337.3 | T12: 185.46 | U12: 196.72 | V12: 207.97 | W12: 219.23 | X12: 270.49 | Y12: 279.34 | Z12: 597.31 | AA12: 597.31 | AB12: 597.31 | AC12: 597.31 | AD12: 597.31 | AE12: 597.31 | AF12: 597.31 | AG12: 597.31 | AH12: 597.31 | AI12: 597.31 | AJ12: 597.31 | AK12: 597.31 | AL12: 597.31 | AM12: 597.31 | AN12: 597.31 | AO12: 597.31
B13: 4 | C13: Concluída | D13: Não | E13: IWP (FABRICAÇÃO) | F13: 1 | G13: 1 | H13: 35 dias | I13: 0 dias | J13: Seg 08/06/26 09:00 | K13: Seg 08/06/26 09:00 | L13: Seg 08/06/26 09:00 | M13: Qua 29/07/26 11:00 | N13: Sáb 25/07/26 15:36 | O13: Sáb 25/07/26 15:36 | P13: 391.2 | T13: 185.46 | U13: 196.72 | V13: 207.97 | W13: 219.23 | X13: 230.49 | Y13: 239.34 | Z13: 391.2 | AA13: 391.2 | AB13: 391.2 | AC13: 391.2 | AD13: 391.2 | AE13: 391.2 | AF13: 391.2 | AG13: 391.2 | AH13: 391.2 | AI13: 391.2 | AJ13: 391.2 | AK13: 391.2 | AL13: 391.2 | AM13: 391.2 | AN13: 391.2 | AO13: 391.2
B14: 4 | C14: Concluída | D14: Não | E14: IWP (SUPORTE - FABRICAÇÃO) | F14: 1 | G14: 1 | H14: 10 dias | I14: 0 dias | J14: Seg 29/06/26 09:00 | K14: Seg 29/06/26 09:00 | L14: Seg 29/06/26 09:00 | M14: Sex 10/07/26 16:00 | N14: Sex 10/07/26 16:00 | O14: Sex 10/07/26 16:00 | P14: 40 | W14: 0 | X14: 40 | Y14: 40 | Z14: 40 | AA14: 40 | AB14: 40 | AC14: 40 | AD14: 40 | AE14: 40 | AF14: 40 | AG14: 40 | AH14: 40 | AI14: 40 | AJ14: 40 | AK14: 40 | AL14: 40 | AM14: 40 | AN14: 40 | AO14: 40
B15: 4 | C15: Tarefa futura | D15: Não | E15: IWP (SUPORTE - MONTAGEM) | F15: 1 | G15: 0 | H15: 0 dias | I15: 7,92 dias | J15: Seg 27/07/26 09:00 | K15: ND | L15: Seg 10/08/26 09:00 | M15: Qua 05/08/26 15:30 | N15: ND | O15: Qua 19/08/26 15:30 | P15: 95
B16: 4 | C16: No Prazo | D16: Não | E16: IWP (MONTAGEM) | F16: 0.6525 | G16: 0.0954 | H16: 4,5 dias | I16: 38,77 dias | J16: Seg 20/07/26 09:00 | K16: Seg 20/07/26 09:00 | L16: Seg 20/07/26 09:00 | M16: Qui 03/09/26 10:37 | N16: ND | O16: Sex 18/09/26 10:37 | P16: 1742.1 | Z16: 166.11 | AA16: 166.11 | AB16: 166.11 | AC16: 166.11 | AD16: 166.11 | AE16: 166.11 | AF16: 166.11 | AG16: 166.11 | AH16: 166.11 | AI16: 166.11 | AJ16: 166.11 | AK16: 166.11 | AL16: 166.11 | AM16: 166.11 | AN16: 166.11 | AO16: 166.11
B17: 4 | C17: Tarefa futura | D17: Não | E17: IWP (CIVIL) | F17: 1 | G17: 0 | H17: 0 dias | I17: 1,5 dias | J17: Seg 03/08/26 15:00 | K17: ND | L17: Seg 10/08/26 09:00 | M17: Qua 05/08/26 11:00 | N17: ND | O17: Ter 11/08/26 12:00 | P17: 9
B18: 4 | C18: Tarefa futura | D18: Não | E18: IWP (TIE-IN) | F18: 0 | G18: 0 | H18: 0 dias | I18: 1,67 dias | J18: Qui 10/09/26 15:46 | K18: ND | L18: Qui 24/09/26 15:46 | M18: Seg 14/09/26 13:46 | N18: ND | O18: Seg 28/09/26 13:46 | P18: 60
B19: 3 | C19: Tarefa futura | D19: Não | E19: CWP (ELÉTRICA) | F19: 0.8216 | G19: 0 | H19: 0 dias | I19: 12,62 dias | J19: Seg 27/07/26 09:00 | K19: ND | L19: Seg 10/08/26 09:00 | M19: Qua 12/08/26 13:42 | N19: ND | O19: Qua 26/08/26 13:42 | P19: 338.6
B20: 4 | C20: Tarefa futura | D20: Não | E20: IWP (INFRAESTRUTURA) FABRICAR DE SUPORTE | F20: 1 | G20: 0 | H20: 0 dias | I20: 1,67 dias | J20: Seg 27/07/26 09:00 | K20: ND | L20: Seg 10/08/26 09:00 | M20: Ter 28/07/26 14:00 | N20: ND | O20: Ter 11/08/26 14:00 | P20: 20
B21: 4 | C21: Tarefa futura | D21: Não | E21: IWP (INFRAESTRUTURA) MONTAGEM DE SUPORTE | F21: 1 | G21: 0 | H21: 0 dias | I21: 1,67 dias | J21: Ter 28/07/26 14:00 | K21: ND | L21: Ter 11/08/26 14:00 | M21: Qui 30/07/26 11:00 | N21: ND | O21: Qui 13/08/26 11:00 | P21: 20
B22: 4 | C22: Tarefa futura | D22: Não | E22: IWP (INFRAESTRUTURA) MONTAGEM DE ELETROCALHA | F22: 1 | G22: 0 | H22: 0 dias | I22: 7,95 dias | J22: Qua 29/07/26 09:00 | K22: ND | L22: Qua 12/08/26 09:00 | M22: Sex 07/08/26 15:42 | N22: ND | O22: Sex 21/08/26 15:42 | P22: 201.6
B23: 4 | C23: Tarefa futura | D23: Não | E23: IWP (CABEAMENTO) | F23: 0.4486 | G23: 0 | H23: 0 dias | I23: 5,68 dias | J23: Seg 03/08/26 13:36 | K23: ND | L23: Seg 17/08/26 13:36 | M23: Ter 11/08/26 10:42 | N23: ND | O23: Ter 25/08/26 10:42 | P23: 37
B24: 4 | C24: Tarefa futura | D24: Não | E24: IWP (INSTALAÇÃO DE MALHA) | F24: 0.3333 | G24: 0 | H24: 0 dias | I24: 10,62 dias | J24: Qua 29/07/26 09:00 | K24: ND | L24: Qua 12/08/26 09:00 | M24: Qua 12/08/26 13:42 | N24: ND | O24: Qua 26/08/26 13:42 | P24: 48
B25: 4 | C25: Tarefa futura | D25: Não | E25: IWP (TESTE) | F25: 0.3333 | G25: 0 | H25: 0 dias | I25: 5,18 dias | J25: Ter 04/08/26 10:36 | K25: ND | L25: Ter 18/08/26 10:36 | M25: Ter 11/08/26 11:42 | N25: ND | O25: Ter 25/08/26 11:42 | P25: 6
B26: 4 | C26: Tarefa futura | D26: Não | E26: IWP (LIGAÇÃO) | F26: 0.3333 | G26: 0 | H26: 0 dias | I26: 6,18 dias | J26: Ter 04/08/26 11:36 | K26: ND | L26: Ter 18/08/26 11:36 | M26: Qua 12/08/26 13:42 | N26: ND | O26: Qua 26/08/26 13:42 | P26: 6
B27: 3 | C27: Tarefa futura | D27: Não | E27: CWP (TESTE HIDROSTÁTICO) | F27: 0 | G27: 0 | H27: 0 dias | I27: 1,67 dias | J27: Seg 14/09/26 13:46 | K27: ND | L27: Seg 28/09/26 13:46 | M27: Qua 16/09/26 10:46 | N27: ND | O27: Qua 30/09/26 10:46 | P27: 20
B28: 4 | C28: Tarefa futura | D28: Não | E28: IWP (TESDE HIDROSTÁTICO) | F28: 0 | G28: 0 | H28: 0 dias | I28: 1,67 dias | J28: Seg 14/09/26 13:46 | K28: ND | L28: Seg 28/09/26 13:46 | M28: Qua 16/09/26 10:46 | N28: ND | O28: Qua 30/09/26 10:46 | P28: 20
... B31: 3 | C31: Tarefa futura | D31: Não | E31: CONCLUSÃO DA EXECUÇÃO DA ÁREA | F31: 0 | G31: 0 | H31: 0 dias | I31: 0 dias | J31: Qua 16/09/26 10:46 | K31: ND | L31: Qua 30/09/26 10:46 | M31: Qua 16/09/26 10:46 | N31: ND | O31: Qua 30/09/26 10:46 | P31: 0
B32: 2 | C32: No Prazo | D32: Não | E32: CWA (ÁREA 3 - SETOR P/T) | F32: 0.3118 | G32: 0.1896 | H32: 48,27 dias | I32: 29,69 dias | J32: Seg 15/06/26 09:00 | K32: Seg 15/06/26 09:00 | L32: Seg 15/06/26 09:00 | M32: Qui 17/09/26 15:46 | N32: ND | O32: Qui 01/10/26 15:46 | P32: 838.6 | U32: 10.4 | V32: 20.8 | W32: 31.2 | X32: 41.6 | Y32: 77.6 | Z32: 86 | AA32: 86 | AB32: 111 | AC32: 111 | AD32: 111 | AE32: 111 | AF32: 111 | AG32: 111 | AH32: 111 | AI32: 111 | AJ32: 111 | AK32: 111 | AL32: 111 | AM32: 111 | AN32: 111 | AO32: 111
B33: 3 | C33: Tarefa futura | D33: Não | E33: CWP (ANDAIME) | F33: 0 | G33: 0 | H33: 0 dias | I33: 0 dias | J33: Qui 03/09/26 10:37 | K33: ND | L33: Sex 18/09/26 10:37 | M33: Qui 03/09/26 10:37 | N33: ND | O33: Sex 18/09/26 10:37 | P33: 0
B34: 4 | C34: Tarefa futura | D34: Não | E34: IWP (MONTAGEM) | F34: 0 | G34: 0 | H34: 0 dias | I34: 0 dias | J34: Qui 03/09/26 10:37 | K34: ND | L34: Sex 18/09/26 10:37 | M34: Qui 03/09/26 10:37 | N34: ND | O34: Sex 18/09/26 10:37 | P34: 0
B35: 3 | C35: No Prazo | D35: Não | E35: CWP (TUBULAÇÃO) | F35: 0.3512 | G35: 0.2135 | H35: 50,17 dias | I35: 26,13 dias | J35: Seg 15/06/26 09:00 | K35: Seg 15/06/26 09:00 | L35: Seg 15/06/26 09:00 | M35: Qua 16/09/26 10:46 | N35: ND | O35: Qua 30/09/26 10:46 | P35: 744.6 | U35: 10.4 | V35: 20.8 | W35: 31.2 | X35: 41.6 | Y35: 77.6 | Z35: 86 | AA35: 86 | AB35: 111 | AC35: 111 | AD35: 111 | AE35: 111 | AF35: 111 | AG35: 111 | AH35: 111 | AI35: 111 | AJ35: 111 | AK35: 111 | AL35: 111 | AM35: 111 | AN35: 111 | AO35: 111
B36: 4 | C36: No Prazo | D36: Não | E36: IWP (FABRICAÇÃO) | F36: 1 | G36: 0.6761 | H36: 39,1 dias | I36: 3,4 dias | J36: Seg 15/06/26 09:00 | K36: Seg 15/06/26 09:00 | L36: Seg 15/06/26 09:00 | M36: Qua 29/07/26 12:00 | N36: ND | O36: Qua 12/08/26 12:00 | P36: 127.2 | U36: 10.4 | V36: 20.8 | W36: 31.2 | X36: 41.6 | Y36: 77.6 | Z36: 86 | AA36: 86 | AB36: 86 | AC36: 86 | AD36: 86 | AE36: 86 | AF36: 86 | AG36: 86 | AH36: 86 | AI36: 86 | AJ36: 86 | AK36: 86 | AL36: 86 | AM36: 86 | AN36: 86 | AO36: 86
B37: 4 | C37: Concluída | D37: Não | E37: IWP (SUPORTE - FABRICAÇÃO) | F37: 1 | G37: 1 | H37: 4 dias | I37: 0 dias | J37: Seg 27/07/26 09:00 | K37: Ter 04/08/26 09:00 | L37: Ter 04/08/26 09:00 | M37: Sex 31/07/26 10:00 | N37: Sex 07/08/26 16:00 | O37: Sex 07/08/26 16:00 | P37: 25 | AB37: 25 | AC37: 25 | AD37: 25 | AE37: 25 | AF37: 25 | AG37: 25 | AH37: 25 | AI37: 25 | AJ37: 25 | AK37: 25 | AL37: 25 | AM37: 25 | AN37: 25 | AO37: 25
B38: 4 | C38: Tarefa futura | D38: Não | E38: IWP (SUPORTE - MONTAGEM) | F38: 0.5208 | G38: 1 | H38: 0 dias | I38: 4 dias | J38: Qua 05/08/26 15:30 | K38: ND | L38: Qua 19/08/26 15:30 | M38: Ter 11/08/26 15:30 | N38: ND | O38: Ter 25/08/26 15:30 | P38: 48
B39: 4 | C39: Tarefa futura | D39: Não | E39: IWP (MONTAGEM) | F39: 0.1571 | G39: 0 | H39: 0 dias | I39: 17,03 dias | J39: Ter 04/08/26 09:48 | K39: ND | L39: Ter 18/08/26 09:48 | M39: Qui 27/08/26 10:00 | N39: ND | O39: Sex 11/09/26 10:00 | P39: 498.4
B40: 4 | C40: Tarefa futura | D40: Não | E40: IWP (CIVIL) | F40: 1 | G40: 0 | H40: 0 dias | I40: 1 dia | J40: Qua 05/08/26 11:00 | K40: ND | L40: Ter 11/08/26 13:00 | M40: Qui 06/08/26 11:00 | N40: ND | O40: Qua 12/08/26 12:00 | P40: 6
B41: 4 | C41: Tarefa futura | D41: Não | E41: IWP (TIE-IN) | F41: 0 | G41: 0 | H41: 0 dias | I41: 1,67 dias | J41: Seg 14/09/26 13:46 | K41: ND | L41: Seg 28/09/26 13:46 | M41: Qua 16/09/26 10:46 | N41: ND | O41: Qua 30/09/26 10:46 | P41: 40
B42: 3 | C42: Tarefa futura | D42: Não | E42: CWP (ELÉTRICA) | F42: 0 | G42: 0 | H42: 0 dias | I42: 6 dias | J42: Qua 12/08/26 13:42 | K42: ND | L42: Qua 26/08/26 13:42 | M42: Qui 20/08/26 13:42 | N42: ND | O42: Qui 03/09/26 13:42 | P42: 74
B43: 4 | C43: Tarefa futura | D43: Não | E43: IWP (CABEAMENTO) | F43: 0 | G43: 0 | H43: 0 dias | I43: 2,83 dias | J43: Qua 12/08/26 13:42 | K43: ND | L43: Qua 26/08/26 13:42 | M43: Seg 17/08/26 11:42 | N43: ND | O43: Seg 31/08/26 11:42 | P43: 34
B44: 4 | C44: Tarefa futura | D44: Não | E44: IWP (INSTALAÇÃO DE MALHA) | F44: 0 | G44: 0 | H44: 0 dias | I44: 2,67 dias | J44: Seg 17/08/26 11:42 | K44: ND | L44: Seg 31/08/26 11:42 | M44: Qui 20/08/26 09:42 | N44: ND | O44: Qui 03/09/26 09:42 | P44: 32
B45: 4 | C45: Tarefa futura | D45: Não | E45: IWP (TESTE) | F45: 0 | G45: 0 | H45: 0 dias | I45: 0,33 dias | J45: Qui 20/08/26 09:42 | K45: ND | L45: Qui 03/09/26 09:42 | M45: Qui 20/08/26 11:42 | N45: ND | O45: Qui 03/09/26 11:42 | P45: 4
B46: 4 | C46: Tarefa futura | D46: Não | E46: IWP (LIGAÇÃO) | F46: 0 | G46: 0 | H46: 0 dias | I46: 0,33 dias | J46: Qui 20/08/26 10:42 | K46: ND | L46: Qui 03/09/26 10:42 | M46: Qui 20/08/26 13:42 | N46: ND | O46: Qui 03/09/26 13:42 | P46: 4
B47: 3 | C47: Tarefa futura | D47: Não | E47: CWP (TESTE HIDROSTÁTICO) | F47: 0 | G47: 0 | H47: 0 dias | I47: 1,67 dias | J47: Qua 16/09/26 10:46 | K47: ND | L47: Qua 30/09/26 10:46 | M47: Qui 17/09/26 15:46 | N47: ND | O47: Qui 01/10/26 15:46 | P47: 20
B48: 4 | C48: Tarefa futura | D48: Não | E48: IWP (TESDE HIDROSTÁTICO) | F48: 0 | G48: 0 | H48: 0 dias | I48: 1,67 dias | J48: Qua 16/09/26 10:46 | K48: ND | L48: Qua 30/09/26 10:46 | M48: Qui 17/09/26 15:46 | N48: ND | O48: Qui 01/10/26 15:46 | P48: 20
B49: 3 | C49: Tarefa futura | D49: Não | E49: CWP (ANDAIME) | F49: 0 | G49: 0 | H49: 0 dias | I49: 0 dias | J49: Qui 17/09/26 15:46 | K49: ND | L49: Qui 01/10/26 15:46 | M49: Qui 17/09/26 15:46 | N49: ND | O49: Qui 01/10/26 15:46 | P49: 0
... B51: 3 | C51: Tarefa futura | D51: Não | E51: CONCLUSÃO DA EXECUÇÃO DA ÁREA | F51: 0 | G51: 0 | H51: 0 dias | I51: 0 dias | J51: Qui 17/09/26 15:46 | K51: ND | L51: Qui 01/10/26 15:46 | M51: Qui 17/09/26 15:46 | N51: ND | O51: Qui 01/10/26 15:46 | P51: 0
B52: 2 | C52: No Prazo | D52: Não | E52: CWA (ÁREA 1 - SETOR CE) | F52: 0.2983 | G52: 0.0279 | H52: 1,81 dias | I52: 41,4 dias | J52: Qua 29/07/26 13:00 | K52: Ter 04/08/26 09:00 | L52: Ter 04/08/26 09:00 | M52: Seg 21/09/26 10:16 | N52: ND | O52: Seg 05/10/26 10:16 | P52: 716.7 | AB52: 20 | AC52: 20 | AD52: 20 | AE52: 20 | AF52: 20 | AG52: 20 | AH52: 20 | AI52: 20 | AJ52: 20 | AK52: 20 | AL52: 20 | AM52: 20 | AN52: 20 | AO52: 20
B53: 3 | C53: Tarefa futura | D53: Não | E53: CWP (ANDAIME) | F53: 0 | G53: 0 | H53: 0 dias | I53: 0 dias | J53: Qui 17/09/26 15:46 | K53: ND | L53: Qui 01/10/26 15:46 | M53: Qui 17/09/26 15:46 | N53: ND | O53: Qui 01/10/26 15:46 | P53: 0
B54: 4 | C54: Tarefa futura | D54: Não | E54: IWP (MONTAGEM) | F54: 0 | G54: 0 | H54: 0 dias | I54: 0 dias | J54: Qui 17/09/26 15:46 | K54: ND | L54: Qui 01/10/26 15:46 | M54: Qui 17/09/26 15:46 | N54: ND | O54: Qui 01/10/26 15:46 | P54: 0
B55: 3 | C55: No Prazo | D55: Não | E55: CWP (TUBULAÇÃO) | F55: 0.3431 | G55: 0.0321 | H55: 1,99 dias | I55: 39,14 dias | J55: Qua 29/07/26 13:00 | K55: Ter 04/08/26 09:00 | L55: Ter 04/08/26 09:00 | M55: Qui 17/09/26 09:46 | N55: ND | O55: Qui 01/10/26 09:46 | P55: 623.2 | AB55: 20 | AC55: 20 | AD55: 20 | AE55: 20 | AF55: 20 | AG55: 20 | AH55: 20 | AI55: 20 | AJ55: 20 | AK55: 20 | AL55: 20 | AM55: 20 | AN55: 20 | AO55: 20
B56: 4 | C56: Tarefa futura | D56: Não | E56: IWP (FABRICAÇÃO) | F56: 1 | G56: 0 | H56: 0 dias | I56: 4,17 dias | J56: Qua 29/07/26 13:00 | K56: ND | L56: Qua 12/08/26 13:00 | M56: Ter 04/08/26 14:00 | N56: ND | O56: Ter 18/08/26 14:00 | P56: 127.8
B57: 4 | C57: Concluída | D57: Não | E57: IWP (SUPORTE - FABRICAÇÃO) | F57: 1 | G57: 1 | H57: 4 dias | I57: 0 dias | J57: Qua 29/07/26 13:00 | K57: Ter 04/08/26 09:00 | L57: Ter 04/08/26 09:00 | M57: Seg 03/08/26 15:00 | N57: Sex 07/08/26 16:00 | O57: Sex 07/08/26 16:00 | P57: 20 | AB57: 20 | AC57: 20 | AD57: 20 | AE57: 20 | AF57: 20 | AG57: 20 | AH57: 20 | AI57: 20 | AJ57: 20 | AK57: 20 | AL57: 20 | AM57: 20 | AN57: 20 | AO57: 20
B58: 4 | C58: Tarefa futura | D58: Não | E58: IWP (SUPORTE - MONTAGEM) | F58: 0 | G58: 0 | H58: 0 dias | I58: 2,67 dias | J58: Ter 11/08/26 15:30 | K58: ND | L58: Ter 25/08/26 15:30 | M58: Sex 14/08/26 13:30 | N58: ND | O58: Sex 28/08/26 13:30 | P58: 32
B59: 4 | C59: Tarefa futura | D59: Não | E59: IWP (MONTAGEM) | F59: 0.159 | G59: 0 | H59: 0 dias | I59: 19,63 dias | J59: Ter 04/08/26 14:00 | K59: ND | L59: Ter 18/08/26 14:00 | M59: Ter 01/09/26 10:48 | N59: ND | O59: Qua 16/09/26 10:48 | P59: 377.4
B60: 4 | C60: Tarefa futura | D60: Não | E60: IWP (CIVIL) | F60: 1 | G60: 0 | H60: 0 dias | I60: 1 dia | J60: Qui 06/08/26 11:00 | K60: ND | L60: Qua 12/08/26 13:00 | M60: Sex 07/08/26 11:00 | N60: ND | O60: Qui 13/08/26 12:00 | P60: 6
B61: 4 | C61: Tarefa futura | D61: Não | E61: IWP (TIE-IN) | F61: 0 | G61: 0 | H61: 0 dias | I61: 1,67 dias | J61: Ter 15/09/26 11:46 | K61: ND | L61: Ter 29/09/26 11:46 | M61: Qui 17/09/26 09:46 | N61: ND | O61: Qui 01/10/26 09:46 | P61: 60
B62: 3 | C62: Tarefa futura | D62: Não | E62: CWP (ELÉTRICA) | F62: 0 | G62: 0 | H62: 0 dias | I62: 4,33 dias | J62: Qui 20/08/26 13:42 | K62: ND | L62: Qui 03/09/26 13:42 | M62: Qua 26/08/26 15:42 | N62: ND | O62: Qui 10/09/26 15:42 | P62: 71
B63: 4 | C63: Tarefa futura | D63: Não | E63: IWP (CABEAMENTO) | F63: 0 | G63: 0 | H63: 0 dias | I63: 2,58 dias | J63: Qui 20/08/26 13:42 | K63: ND | L63: Qui 03/09/26 13:42 | M63: Ter 25/08/26 10:12 | N63: ND | O63: Qua 09/09/26 10:12 | P63: 31
B64: 4 | C64: Tarefa futura | D64: Não | E64: IWP (INSTALAÇÃO DE MALHA) | F64: 0 | G64: 0 | H64: 0 dias | I64: 2,67 dias | J64: Seg 24/08/26 09:42 | K64: ND | L64: Ter 08/09/26 09:42 | M64: Qua 26/08/26 14:42 | N64: ND | O64: Qui 10/09/26 14:42 | P64: 32
B65: 4 | C65: Tarefa futura | D65: Não | E65: IWP (TESTE) | F65: 0 | G65: 0 | H65: 0 dias | I65: 1,25 dias | J65: Seg 24/08/26 09:42 | K65: ND | L65: Ter 08/09/26 09:42 | M65: Ter 25/08/26 11:12 | N65: ND | O65: Qua 09/09/26 11:12 | P65: 4
B66: 4 | C66: Tarefa futura | D66: Não | E66: IWP (LIGAÇÃO) | F66: 0 | G66: 0 | H66: 0 dias | I66: 1,5 dias | J66: Ter 25/08/26 11:42 | K66: ND | L66: Qua 09/09/26 11:42 | M66: Qua 26/08/26 15:42 | N66: ND | O66: Qui 10/09/26 15:42 | P66: 4
B67: 3 | C67: Tarefa futura | D67: Não | E67: CWP (TESTE HIDROSTÁTICO) | F67: 0 | G67: 0 | H67: 0 dias | I67: 2,08 dias | J67: Qui 17/09/26 09:46 | K67: ND | L67: Qui 01/10/26 09:46 | M67: Seg 21/09/26 10:16 | N67: ND | O67: Seg 05/10/26 10:16 | P67: 22.5
B68: 4 | C68: Tarefa futura | D68: Não | E68: IWP (TESDE HIDROSTÁTICO) | F68: 0 | G68: 0 | H68: 0 dias | I68: 2,08 dias | J68: Qui 17/09/26 09:46 | K68: ND | L68: Qui 01/10/26 09:46 | M68: Seg 21/09/26 10:16 | N68: ND | O68: Seg 05/10/26 10:16 | P68: 22.5
B69: 3 | C69: Tarefa futura | D69: Não | E69: CWP (ANDAIME) | F69: 0 | G69: 0 | H69: 0 dias | I69: 0 dias | J69: Seg 21/09/26 10:16 | K69: ND | L69: Seg 05/10/26 10:16 | M69: Seg 21/09/26 10:16 | N69: ND | O69: Seg 05/10/26 10:16 | P69: 0
... B71: 3 | C71: Tarefa futura | D71: Não | E71: CONCLUSÃO DA EXECUÇÃO DA ÁREA | F71: 0 | G71: 0 | H71: 0 dias | I71: 0 dias | J71: Seg 21/09/26 10:16 | K71: ND | L71: Seg 05/10/26 10:16 | M71: Seg 21/09/26 10:16 | N71: ND | O71: Seg 05/10/26 10:16 | P71: 0
B72: 2 | C72: No Prazo | D72: Não | E72: CWA (ÁREA 6 - SETOR E) | F72: 0.0489 | G72: 0.0191 | H72: 1,85 dias | I72: 42,54 dias | J72: Qua 29/07/26 13:00 | K72: Ter 04/08/26 09:00 | L72: Ter 04/08/26 09:00 | M72: Ter 22/09/26 11:22 | N72: ND | O72: Ter 06/10/26 11:22 | P72: 524.67 | AB72: 10 | AC72: 10 | AD72: 10 | AE72: 10 | AF72: 10 | AG72: 10 | AH72: 10 | AI72: 10 | AJ72: 10 | AK72: 10 | AL72: 10 | AM72: 10 | AN72: 10 | AO72: 10
B73: 3 | C73: Tarefa futura | D73: Não | E73: CWP (ANDAIME) | F73: 0 | G73: 0 | H73: 0 dias | I73: 0 dias | J73: Seg 21/09/26 10:16 | K73: ND | L73: Seg 05/10/26 10:16 | M73: Seg 21/09/26 10:16 | N73: ND | O73: Seg 05/10/26 10:16 | P73: 0
B74: 4 | C74: Tarefa futura | D74: Não | E74: IWP (MONTAGEM) | F74: 0 | G74: 0 | H74: 0 dias | I74: 0 dias | J74: Seg 21/09/26 10:16 | K74: ND | L74: Seg 05/10/26 10:16 | M74: Seg 21/09/26 10:16 | N74: ND | O74: Seg 05/10/26 10:16 | P74: 0
B75: 3 | C75: No Prazo | D75: Não | E75: CWP (TUBULAÇÃO) | F75: 0.0876 | G75: 0.0341 | H75: 2,61 dias | I75: 39,68 dias | J75: Qua 29/07/26 13:00 | K75: Ter 04/08/26 09:00 | L75: Ter 04/08/26 09:00 | M75: Sex 18/09/26 10:46 | N75: ND | O75: Sex 02/10/26 10:46 | P75: 292.84 | AB75: 10 | AC75: 10 | AD75: 10 | AE75: 10 | AF75: 10 | AG75: 10 | AH75: 10 | AI75: 10 | AJ75: 10 | AK75: 10 | AL75: 10 | AM75: 10 | AN75: 10 | AO75: 10
B76: 4 | C76: Tarefa futura | D76: Não | E76: IWP (FABRICAÇÃO) | F76: 1 | G76: 0 | H76: 0 dias | I76: 1,67 dias | J76: Qua 29/07/26 13:00 | K76: ND | L76: Qua 12/08/26 13:00 | M76: Sex 31/07/26 10:00 | N76: ND | O76: Sex 14/08/26 10:00 | P76: 11.64
B77: 4 | C77: Concluída | D77: Não | E77: IWP (SUPORTE - FABRICAÇÃO) | F77: 1 | G77: 1 | H77: 4 dias | I77: 0 dias | J77: Qua 29/07/26 13:00 | K77: Ter 04/08/26 09:00 | L77: Ter 04/08/26 09:00 | M77: Sex 31/07/26 10:00 | N77: Sex 07/08/26 16:00 | O77: Sex 07/08/26 16:00 | P77: 10 | AB77: 10 | AC77: 10 | AD77: 10 | AE77: 10 | AF77: 10 | AG77: 10 | AH77: 10 | AI77: 10 | AJ77: 10 | AK77: 10 | AL77: 10 | AM77: 10 | AN77: 10 | AO77: 10
B78: 4 | C78: Tarefa futura | D78: Não | E78: IWP (SUPORTE - MONTAGEM) | F78: 0 | G78: 0 | H78: 0 dias | I78: 0,25 dias | J78: Sex 14/08/26 13:30 | K78: ND | L78: Sex 28/08/26 13:30 | M78: Sex 14/08/26 15:00 | N78: ND | O78: Sex 28/08/26 15:00 | P78: 3
B79: 4 | C79: Tarefa futura | D79: Não | E79: IWP (CIVIL) | F79: 0.0404 | G79: 0 | H79: 0 dias | I79: 16,5 dias | J79: Sex 07/08/26 11:00 | K79: ND | L79: Qui 13/08/26 13:00 | M79: Seg 31/08/26 15:00 | N79: ND | O79: Sex 04/09/26 16:00 | P79: 99
B80: 4 | C80: Tarefa futura | D80: Não | E80: IWP (MONTAGEM) | F80: 0 | G80: 0 | H80: 0 dias | I80: 13,13 dias | J80: Sex 14/08/26 15:00 | K80: ND | L80: Sex 28/08/26 15:00 | M80: Qua 02/09/26 15:46 | N80: ND | O80: Qui 17/09/26 15:46 | P80: 115.2
B81: 4 | C81: Tarefa futura | D81: Não | E81: IWP (TIE-IN) | F81: 0 | G81: 0 | H81: 0 dias | I81: 2 dias | J81: Qua 16/09/26 10:46 | K81: ND | L81: Qua 30/09/26 10:46 | M81: Sex 18/09/26 10:46 | N81: ND | O81: Sex 02/10/26 10:46 | P81: 54
B82: 3 | C82: Tarefa futura | D82: Não | E82: CWP (ELÉTRICA) | F82: 0 | G82: 0 | H82: 0 dias | I82: 17,44 dias | J82: Qua 26/08/26 15:42 | K82: ND | L82: Qui 10/09/26 15:42 | M82: Ter 22/09/26 11:22 | N82: ND | O82: Ter 06/10/26 11:22 | P82: 209.33
B83: 4 | C83: Tarefa futura | D83: Não | E83: IWP (INFRAESTRUTURA) FABRICAR SUPORTE | F83: 0 | G83: 0 | H83: 0 dias | I83: 1,67 dias | J83: Qua 26/08/26 15:42 | K83: ND | L83: Qui 10/09/26 15:42 | M83: Sex 28/08/26 13:42 | N83: ND | O83: Seg 14/09/26 13:42 | P83: 20
B84: 4 | C84: Tarefa futura | D84: Não | E84: IWP (INFRAESTRUTURA) MONTAR SUPORTE | F84: 0 | G84: 0 | H84: 0 dias | I84: 1,67 dias | J84: Sex 28/08/26 13:42 | K84: ND | L84: Seg 14/09/26 13:42 | M84: Ter 01/09/26 10:42 | N84: ND | O84: Qua 16/09/26 10:42 | P84: 20
B85: 4 | C85: Tarefa futura | D85: Não | E85: IWP (INFRAESTRUTURA) MONTAR ELETROCALHA | F85: 0 | G85: 0 | H85: 0 dias | I85: 10 dias | J85: Ter 01/09/26 10:42 | K85: ND | L85: Qua 16/09/26 10:42 | M85: Qua 16/09/26 10:42 | N85: ND | O85: Qua 30/09/26 10:42 | P85: 120
B86: 4 | C86: Tarefa futura | D86: Não | E86: IWP (CABEAMENTO) | F86: 0 | G86: 0 | H86: 0 dias | I86: 2,5 dias | J86: Qua 16/09/26 10:42 | K86: ND | L86: Qua 30/09/26 10:42 | M86: Sex 18/09/26 14:42 | N86: ND | O86: Sex 02/10/26 14:42 | P86: 30
B87: 4 | C87: Tarefa futura | D87: Não | E87: IWP (INSTALAÇÃO DE MALHA) | F87: 0 | G87: 0 | H87: 0 dias | I87: 1,28 dias | J87: Sex 18/09/26 14:42 | K87: ND | L87: Sex 02/10/26 14:42 | M87: Ter 22/09/26 09:22 | N87: ND | O87: Ter 06/10/26 09:22 | P87: 15.33
B88: 4 | C88: Tarefa futura | D88: Não | E88: IWP (TESTE) | F88: 0 | G88: 0 | H88: 0 dias | I88: 0,17 dias | J88: Ter 22/09/26 09:22 | K88: ND | L88: Ter 06/10/26 09:22 | M88: Ter 22/09/26 10:22 | N88: ND | O88: Ter 06/10/26 10:22 | P88: 2
B89: 4 | C89: Tarefa futura | D89: Não | E89: IWP (LIGAÇÃO) | F89: 0 | G89: 0 | H89: 0 dias | I89: 0,17 dias | J89: Ter 22/09/26 10:22 | K89: ND | L89: Ter 06/10/26 10:22 | M89: Ter 22/09/26 11:22 | N89: ND | O89: Ter 06/10/26 11:22 | P89: 2
... B94: 3 | C94: Tarefa futura | D94: Não | E94: CONCLUSÃO DA EXECUÇÃO DA ÁREA | F94: 0 | G94: 0 | H94: 0 dias | I94: 0 dias | J94: Ter 22/09/26 11:16 | K94: ND | L94: Ter 06/10/26 11:16 | M94: Ter 22/09/26 11:16 | N94: ND | O94: Ter 06/10/26 11:16 | P94: 0
B95: 2 | C95: No Prazo | D95: Não | E95: CWA (ÁREA 13 - SETOR P/T) | F95: 0.1235 | G95: 0.1205 | H95: 63,33 dias | I95: 22,82 dias | J95: Seg 15/06/26 09:00 | K95: Seg 15/06/26 09:00 | L95: Seg 15/06/26 09:00 | M95: Qua 30/09/26 09:52 | N95: ND | O95: Qui 15/10/26 09:52 | P95: 332 | U95: 7.5 | V95: 15 | W95: 22.5 | X95: 30 | Y95: 30 | Z95: 30 | AA95: 30 | AB95: 40 | AC95: 40 | AD95: 40 | AE95: 40 | AF95: 40 | AG95: 40 | AH95: 40 | AI95: 40 | AJ95: 40 | AK95: 40 | AL95: 40 | AM95: 40 | AN95: 40 | AO95: 40
B96: 3 | C96: Tarefa futura | D96: Não | E96: CWP (ANDAIME) | F96: 0 | G96: 0 | H96: 0 dias | I96: 0 dias | J96: Seg 21/09/26 10:16 | K96: ND | L96: Seg 05/10/26 10:16 | M96: Seg 21/09/26 10:16 | N96: ND | O96: Seg 05/10/26 10:16 | P96: 0
B97: 4 | C97: Tarefa futura | D97: Não | E97: IWP (MONTAGEM) | F97: 0 | G97: 0 | H97: 0 dias | I97: 0 dias | J97: Seg 21/09/26 10:16 | K97: ND | L97: Seg 05/10/26 10:16 | M97: Seg 21/09/26 10:16 | N97: ND | O97: Seg 05/10/26 10:16 | P97: 0
B98: 3 | C98: No Prazo | D98: Não | E98: CWP (TUBULAÇÃO) | F98: 0.1806 | G98: 0.1762 | H98: 65,18 dias | I98: 14,11 dias | J98: Seg 15/06/26 09:00 | K98: Seg 15/06/26 09:00 | L98: Seg 15/06/26 09:00 | M98: Seg 21/09/26 10:46 | N98: ND | O98: Seg 05/10/26 10:46 | P98: 227 | U98: 7.5 | V98: 15 | W98: 22.5 | X98: 30 | Y98: 30 | Z98: 30 | AA98: 30 | AB98: 40 | AC98: 40 | AD98: 40 | AE98: 40 | AF98: 40 | AG98: 40 | AH98: 40 | AI98: 40 | AJ98: 40 | AK98: 40 | AL98: 40 | AM98: 40 | AN98: 40 | AO98: 40
B99: 4 | C99: Concluída | D99: Não | E99: IWP (FABRICAÇÃO) | F99: 1 | G99: 1 | H99: 40 dias | I99: 0 dias | J99: Seg 15/06/26 09:00 | K99: Seg 15/06/26 09:00 | L99: Seg 15/06/26 09:00 | M99: Sáb 25/07/26 16:00 | N99: ND | O99: Sex 07/08/26 16:00 | P99: 30 | U99: 7.5 | V99: 15 | W99: 22.5 | X99: 30 | Y99: 30 | Z99: 30 | AA99: 30 | AB99: 30 | AC99: 30 | AD99: 30 | AE99: 30 | AF99: 30 | AG99: 30 | AH99: 30 | AI99: 30 | AJ99: 30 | AK99: 30 | AL99: 30 | AM99: 30 | AN99: 30 | AO99: 30
B100: 4 | C100: Concluída | D100: Não | E100: IWP (SUPORTE - FABRICAÇÃO) | F100: 1 | G100: 1 | H100: 4 dias | I100: 0 dias | J100: Sex 31/07/26 10:00 | K100: Ter 04/08/26 09:00 | L100: Ter 04/08/26 09:00 | M100: Seg 03/08/26 15:00 | N100: Sex 07/08/26 16:00 | O100: Sex 07/08/26 16:00 | P100: 10 | AB100: 10 | AC100: 10 | AD100: 10 | AE100: 10 | AF100: 10 | AG100: 10 | AH100: 10 | AI100: 10 | AJ100: 10 | AK100: 10 | AL100: 10 | AM100: 10 | AN100: 10 | AO100: 10
B101: 4 | C101: Tarefa futura | D101: Não | E101: IWP (SUPORTE - MONTAGEM) | F101: 1 | G101: 0 | H101: 0 dias | I101: 1 dia | J101: Seg 03/08/26 15:00 | K101: ND | L101: Seg 10/08/26 09:00 | M101: Ter 04/08/26 15:00 | N101: ND | O101: Seg 10/08/26 16:00 | P101: 1
B102: 4 | C102: Tarefa futura | D102: Não | E102: IWP (MONTAGEM) | F102: 0 | G102: 0 | H102: 0 dias | I102: 5 dias | J102: Qua 02/09/26 15:46 | K102: ND | L102: Qui 17/09/26 15:46 | M102: Qui 10/09/26 15:46 | N102: ND | O102: Qui 24/09/26 15:46 | P102: 147
B103: 4 | C103: Tarefa futura | D103: Não | E103: IWP (CIVIL) | F103: 0 | G103: 0 | H103: 0 dias | I103: 0,5 dias | J103: Sex 21/08/26 11:00 | K103: ND | L103: Qui 27/08/26 13:00 | M103: Sex 21/08/26 15:00 | N103: ND | O103: Qui 27/08/26 16:00 | P103: 3
B104: 4 | C104: Tarefa futura | D104: Não | E104: IWP (TIE-IN) | F104: 0 | G104: 0 | H104: 0 dias | I104: 2 dias | J104: Qui 17/09/26 10:46 | K104: ND | L104: Qui 01/10/26 10:46 | M104: Seg 21/09/26 10:46 | N104: ND | O104: Seg 05/10/26 10:46 | P104: 36
B105: 3 | C105: Tarefa futura | D105: Não | E105: CWP (ELÉTRICA) | F105: 0 | G105: 0 | H105: 0 dias | I105: 5,75 dias | J105: Ter 22/09/26 11:22 | K105: ND | L105: Ter 06/10/26 11:22 | M105: Qua 30/09/26 09:52 | N105: ND | O105: Qui 15/10/26 09:52 | P105: 85
B106: 4 | C106: Tarefa futura | D106: Não | E106: IWP (INFRAESTRUTURA) | F106: 0 | G106: 0 | H106: 0 dias | I106: 1,67 dias | J106: Ter 22/09/26 11:22 | K106: ND | L106: Ter 06/10/26 11:22 | M106: Qui 24/09/26 09:22 | N106: ND | O106: Qui 08/10/26 09:22 | P106: 20
B107: 4 | C107: Tarefa futura | D107: Não | E107: IWP (INFRAESTRUTURA) | F107: 0 | G107: 0 | H107: 0 dias | I107: 1,67 dias | J107: Qui 24/09/26 09:22 | K107: ND | L107: Qui 08/10/26 09:22 | M107: Sex 25/09/26 14:22 | N107: ND | O107: Sex 09/10/26 14:22 | P107: 20
B108: 4 | C108: Tarefa futura | D108: Não | E108: IWP (INFRAESTRUTURA) | F108: 0 | G108: 0 | H108: 0 dias | I108: 1,67 dias | J108: Sex 25/09/26 14:22 | K108: ND | L108: Sex 09/10/26 14:22 | M108: Ter 29/09/26 11:22 | N108: ND | O108: Qua 14/10/26 11:22 | P108: 20
B109: 4 | C109: Tarefa futura | D109: Não | E109: IWP (CABEAMENTO) | F109: 0 | G109: 0 | H109: 0 dias | I109: 0,42 dias | J109: Ter 29/09/26 11:22 | K109: ND | L109: Qua 14/10/26 11:22 | M109: Ter 29/09/26 14:52 | N109: ND | O109: Qua 14/10/26 14:52 | P109: 5
...
